polled_at_utc,state,site_id,lat,lng,temp_f,short_forecast,precip_pct,wind_mph,snow,ice,is_rain,is_heavy_rain,state_severe_alert,m_weather_delta
2026-08-27T00:12:47Z,IL,IL00080IW011700016,41.4473,-88.3285,78,Mostly Clear,12,10,False,False,False,False,True,0.2
2026-08-27T00:12:47Z,IL,IL00055IS006400017,39.3523,-89.6447,80,Mostly Clear,7,6,False,False,False,False,True,0.2
2026-08-27T00:12:47Z,IL,IL00057IS022200054,39.9314,-88.3043,80,Mostly Clear,10,6,False,False,False,False,True,0.2
2026-08-27T00:12:47Z,IL,IL00074IW002800020,41.2141,-90.3308,76,Partly Cloudy,1,10,False,False,False,False,True,0.2
2026-08-27T00:12:47Z,IL,IL00072IE015200041,39.9923,-88.7827,80,Mostly Clear,6,8,False,False,False,False,True,0.2
2026-08-27T00:12:47Z,IL,IL00072IW015200014,39.9888,-88.7852,80,Mostly Clear,6,8,False,False,False,False,True,0.2
2026-08-27T00:12:47Z,IL,IL00057IS007900047,38.0962,-88.9138,84,Mostly Clear,13,2,False,False,False,False,True,0.2
2026-08-27T00:12:47Z,IL,IL00055IN006400027,39.3465,-89.6408,80,Mostly Clear,8,6,False,False,False,False,True,0.2
2026-08-27T00:12:47Z,IL,IL00074IW015600009,40.2711,-88.6701,79,Mostly Clear,5,7,False,False,False,False,True,0.2
2026-08-27T00:12:47Z,IL,IL00039IS008500026,41.7285,-89.0105,76,Mostly Clear,9,10,False,False,False,False,True,0.2
2026-08-27T00:12:47Z,IL,IL00057IN022200048,39.9218,-88.299,80,Mostly Clear,10,6,False,False,False,False,True,0.2
2026-08-27T00:12:47Z,IL,IL00074IE002800030,41.2334,-90.333,76,Partly Cloudy,1,10,False,False,False,False,True,0.2
2026-08-27T00:12:47Z,IL,IL00057IN033300049,41.3892,-87.7729,77,Isolated Rain Showers,15,5,False,False,True,False,True,0.2
2026-08-27T00:12:47Z,IL,IL00070IE002700042,38.7849,-89.7023,83,Mostly Clear,14,6,False,False,False,False,True,0.2
2026-08-27T00:12:47Z,IL,IL00057IS026800022,40.5613,-88.0615,77,Mostly Clear,7,5,False,False,False,False,True,0.2
2026-08-27T00:12:47Z,IL,IL00057IS033300046,41.3918,-87.7749,77,Isolated Rain Showers,15,10,False,False,True,False,True,0.2
2026-08-27T00:12:47Z,IL,IL00055IN014900028,40.3599,-89.1099,79,Mostly Clear,3,8,False,False,False,False,True,0.2
2026-08-27T00:12:47Z,IL,IL00057IN026800032,40.5505,-88.0605,77,Mostly Clear,7,5,False,False,False,False,True,0.2
2026-08-27T00:12:47Z,IL,IL00057IN011400033,38.5963,-88.9638,84,Slight Chance Rain Showers,23,2,False,False,True,False,True,0.2
2026-08-27T00:12:47Z,IL,IL00057IN007900034,38.0297,-88.9203,84,Mostly Clear,13,2,False,False,False,False,True,0.2
2026-08-27T00:12:47Z,IL,IL00074IW020800052,40.1298,-87.7441,76,Mostly Clear,9,3,False,False,False,False,True,0.2
2026-08-27T00:12:47Z,IL,IL00080IE005100040,41.3938,-89.5665,76,Partly Cloudy,11,5,False,False,False,False,True,0.2
2026-08-27T00:12:47Z,IL,IL00057IS011400023,38.5965,-88.9677,84,Slight Chance Rain Showers,23,2,False,False,True,False,True,0.2
2026-08-27T00:12:47Z,IL,IL00024IW003700010,37.1593,-88.6798,81,Slight Chance Showers And Thunderstorms,19,1,False,False,True,True,True,0.2
2026-08-27T00:12:47Z,IL,IL00070IE008600051,39.0651,-88.6745,86,Scattered Showers And Thunderstorms,26,3,False,False,True,True,True,0.2
2026-08-27T00:12:47Z,IL,IL00080IW005100013,41.3937,-89.5591,75,Partly Cloudy,12,10,False,False,False,False,True,0.2
2026-08-27T00:12:47Z,IL,IL00064IW013000053,38.2322,-87.9882,83,Mostly Clear,10,1,False,False,False,False,True,0.2
2026-08-27T00:12:47Z,IL,IL00055IS019400021,40.8371,-88.6833,77,Mostly Clear,9,5,False,False,False,False,True,0.2
2026-08-27T00:12:47Z,IL,IL00064IW002500011,38.5491,-89.7633,84,Slight Chance Rain Showers,17,3,False,False,True,False,True,0.2
2026-08-27T00:12:47Z,IL,IL00080IE011700043,41.4314,-88.3454,78,Mostly Clear,11,10,False,False,False,False,True,0.2
2026-08-27T00:12:47Z,IL,IL00064IW008500012,38.2766,-88.8012,83,Mostly Clear,12,3,False,False,False,False,True,0.2
2026-08-27T00:12:47Z,IL,IL00055IS002700019,38.8723,-89.8511,82,Mostly Clear,10,6,False,False,False,False,True,0.2
2026-08-27T00:12:47Z,IL,IL00055IN002700029,38.8649,-89.8532,82,Mostly Clear,10,6,False,False,False,False,True,0.2
2026-08-27T00:12:47Z,IL,IL00039IN008500036,41.7236,-89.0062,76,Mostly Clear,9,10,False,False,False,False,True,0.2
2026-08-27T00:12:47Z,IL,IL00064IE002500038,38.5481,-89.7731,84,Slight Chance Rain Showers,16,3,False,False,True,False,True,0.2
2026-08-27T00:12:47Z,IL,IL00064IE008500039,38.273,-88.8496,83,Mostly Clear,12,3,False,False,False,False,True,0.2
2026-08-27T00:12:47Z,IL,IL00055IN019400031,40.8234,-88.6875,78,Mostly Clear,9,5,False,False,False,False,True,0.2
2026-08-27T00:12:47Z,IL,IL00055IN010400050,39.8627,-89.5948,81,Mostly Clear,4,6,False,False,False,False,True,0.2
2026-08-27T00:12:47Z,IL,IL00070IW002700015,38.7884,-89.6889,83,Mostly Clear,14,6,False,False,False,False,True,0.2
2026-08-27T00:12:47Z,IL,IL00074IE015600037,40.2732,-88.6762,80,Mostly Clear,5,7,False,False,False,False,True,0.2
2026-08-27T00:12:47Z,IL,IL00074IE011400005,40.6125,-89.245,79,Mostly Clear,2,7,False,False,False,False,True,0.2
2026-08-27T00:12:47Z,IL,IL00074IW006200004,40.8802,-90.0895,78,Mostly Clear,0,7,False,False,False,False,True,0.2
2026-08-27T00:12:47Z,IL,IL00070IW008700045,39.0679,-88.6704,86,Scattered Showers And Thunderstorms,26,3,False,False,True,True,True,0.2
2026-08-27T00:12:47Z,IL,IL00057IS016500018,39.1993,-88.502,84,Scattered Showers And Thunderstorms,26,5,False,False,True,True,True,0.2
2026-08-27T00:12:47Z,IL,IL00074IW011400006,40.6111,-89.2323,79,Mostly Clear,2,7,False,False,False,False,True,0.2
2026-08-27T00:12:47Z,IL,IL00074IE006200001,40.8788,-90.0936,78,Mostly Clear,0,7,False,False,False,False,True,0.2
2026-08-27T00:12:47Z,IL,IL00070IW014900008,39.4228,-87.6617,76,Scattered Showers And Thunderstorms,26,5,False,False,True,True,True,0.2
2026-08-27T00:12:47Z,IL,IL00057IN016500044,39.1898,-88.5031,85,Scattered Showers And Thunderstorms,26,5,False,False,True,True,True,0.2
2026-08-27T00:12:47Z,IL,IL00055IS010400024,39.8871,-89.5966,81,Mostly Clear,3,6,False,False,False,False,True,0.2
2026-08-27T00:12:47Z,IL,IL00057IS003200025,37.4699,-89.1329,83,Slight Chance Showers And Thunderstorms,20,1,False,False,True,True,True,0.2
2026-08-27T00:12:47Z,IL,IL00057IN003200035,37.4661,-89.1324,83,Slight Chance Showers And Thunderstorms,20,1,False,False,True,True,True,0.2
2026-08-27T00:12:47Z,IN,322,38.195,-87.8597,83,Mostly Clear,10,2,False,False,False,False,True,0.2
2026-08-27T00:12:47Z,IN,317,38.5852,-85.7768,83,Mostly Clear,6,2,False,False,False,False,True,0.2
2026-08-27T00:12:47Z,IN,316,38.5859,-85.7809,83,Mostly Clear,6,2,False,False,False,False,True,0.2
2026-08-27T00:12:47Z,IN,315,39.2602,-85.9521,78,Chance Showers And Thunderstorms,41,2,False,False,True,True,True,0.2
2026-08-27T00:12:47Z,IN,314,39.2767,-85.9569,77,Chance Showers And Thunderstorms,42,2,False,False,True,True,True,0.2
2026-08-27T00:12:47Z,IN,313,40.1578,-86.5387,74,Chance Showers And Thunderstorms,27,5,False,False,True,True,True,0.2
2026-08-27T00:12:47Z,IN,312,40.1722,-86.5522,74,Chance Showers And Thunderstorms,26,5,False,False,True,True,True,0.2
2026-08-27T00:12:47Z,IN,311,40.6992,-87.0628,75,Mostly Clear,11,5,False,False,False,False,True,0.2
2026-08-27T00:12:47Z,IN,310,40.6984,-87.0646,75,Mostly Clear,11,5,False,False,False,False,True,0.2
2026-08-27T00:12:47Z,IN,308,41.1653,-87.271,76,Isolated Rain Showers,17,5,False,False,True,False,True,0.2
2026-08-27T00:12:47Z,IN,309,41.1666,-87.2749,76,Isolated Rain Showers,17,5,False,False,True,False,True,0.2
2026-08-27T00:12:47Z,IN,318,40.3543,-85.5576,72,Chance Showers And Thunderstorms,45,5,False,False,True,True,True,0.2
2026-08-27T00:12:47Z,IN,319,40.3569,-85.56,72,Chance Showers And Thunderstorms,45,5,False,False,True,True,True,0.2
2026-08-27T00:12:47Z,IN,320,41.2963,-85.0863,71,Chance Showers And Thunderstorms,42,5,False,False,True,True,True,0.2
2026-08-27T00:12:47Z,IN,321,41.5803,-85.0597,71,Slight Chance Showers And Thunderstorms,19,5,False,False,True,True,True,0.2
2026-08-27T00:12:47Z,IN,300,39.4417,-87.5002,78,Slight Chance Showers And Thunderstorms,24,5,False,False,True,True,True,0.2
2026-08-27T00:12:47Z,IN,302,39.6517,-86.3967,76,Chance Showers And Thunderstorms,51,5,False,False,True,True,True,0.2
2026-08-27T00:12:47Z,IN,301,39.6541,-86.4005,76,Chance Showers And Thunderstorms,51,5,False,False,True,True,True,0.2
2026-08-27T00:12:47Z,IN,303,39.8243,-85.7039,76,Showers And Thunderstorms Likely,60,3,False,False,True,True,True,0.2
2026-08-27T00:12:47Z,IN,304,39.8266,-85.704,76,Showers And Thunderstorms Likely,60,3,False,False,True,True,True,0.2
2026-08-27T00:12:47Z,IN,305,39.8605,-85.0259,76,Slight Chance Showers And Thunderstorms,22,3,False,False,True,True,True,0.2
2026-08-27T00:12:47Z,IN,323,39.29,-85.1688,77,Slight Chance Showers And Thunderstorms,16,2,False,False,True,True,True,0.2
2026-08-27T00:12:47Z,IN,702,41.7472,-85.3285,71,Partly Cloudy,12,5,False,False,False,False,True,0.2
2026-08-27T00:12:47Z,IN,701,41.5889,-87.2173,77,Isolated Rain Showers,18,10,False,False,True,False,True,0.2
2026-08-27T00:12:47Z,IN,704,41.7058,-86.6212,74,Partly Cloudy,10,5,False,False,False,False,True,0.2
2026-08-27T00:12:47Z,IN,703,41.7071,-86.6235,74,Partly Cloudy,10,5,False,False,False,False,True,0.2
2026-08-27T00:12:47Z,IN,705,41.733,-86.0057,75,Mostly Clear,12,5,False,False,False,False,True,0.2
2026-08-27T00:12:47Z,IN,708,41.7472,-85.3285,71,Partly Cloudy,12,5,False,False,False,False,True,0.2
2026-08-27T00:12:47Z,IN,707,41.7453,-85.3287,71,Partly Cloudy,12,5,False,False,False,False,True,0.2
2026-08-27T00:12:47Z,IN,324,41.7353,-86.7933,75,Partly Cloudy,9,5,False,False,False,False,True,0.2
2026-08-27T00:12:47Z,KY,KY00065IS0000020N65WELCOM,36.6434,-86.5687,83,Partly Cloudy,3,0,False,False,False,False,False,0.0
2026-08-27T00:12:47Z,KY,KY00065IS000020NSMARATHON,36.6612,-86.5553,84,Partly Cloudy,3,2,False,False,False,False,False,0.0
2026-08-27T00:12:47Z,KY,KY00065IS0000340NWEIGHS34,36.6868,-86.5379,85,Partly Cloudy,3,2,False,False,False,False,False,0.0
2026-08-27T00:12:47Z,KY,KY00065IS0011400S65SRA114,37.9464,-85.6905,82,Mostly Clear,4,3,False,False,False,False,False,0.0
2026-08-27T00:12:47Z,KY,KY00065IS0005900S65SRA059,37.239,-85.9297,82,Mostly Clear,2,0,False,False,False,False,False,0.0
2026-08-27T00:12:47Z,KY,KY00065IS0005900N65NRA059,37.2384,-85.9271,82,Mostly Clear,2,0,False,False,False,False,False,0.0
2026-08-27T00:12:47Z,KY,KY00075IS0003300NWEIGHS33,37.0422,-84.0968,77,Partly Cloudy,2,1,False,False,False,False,False,0.0
2026-08-27T00:12:47Z,KY,KY00075IS0003400SWEIGHS34,37.048,-84.0997,78,Mostly Clear,2,1,False,False,False,False,False,0.0
2026-08-27T00:12:47Z,KY,KY00075IS0017700N75NRA177,38.937,-84.6309,79,Chance Showers And Thunderstorms,27,3,False,False,True,True,False,0.1
2026-08-27T00:12:47Z,KY,KY00075IS0007500SWALTONWS,38.8653,-84.6476,79,Chance Showers And Thunderstorms,26,2,False,False,True,True,False,0.1
2026-08-27T00:12:47Z,KY,KY00075IS0017700S75SRA177,38.9388,-84.6339,79,Chance Showers And Thunderstorms,27,3,False,False,True,True,False,0.1
2026-08-27T00:12:47Z,KY,KY00075IS0016800SCRITENWS,38.8196,-84.6015,79,Slight Chance Showers And Thunderstorms,23,2,False,False,True,True,False,0.1
2026-08-27T00:12:47Z,KY,KY00075IS0000100N75WELCOM,36.6162,-84.1054,79,Partly Cloudy,3,0,False,False,False,False,False,0.0
2026-08-27T00:27:47Z,IL,IL00080IW011700016,41.4473,-88.3285,81,Isolated Rain Showers,17,10,False,False,True,False,True,0.2
2026-08-27T00:27:47Z,IL,IL00055IS006400017,39.3523,-89.6447,84,Mostly Clear,14,7,False,False,False,False,True,0.2
2026-08-27T00:27:47Z,IL,IL00057IS022200054,39.9314,-88.3043,82,Partly Cloudy,13,9,False,False,False,False,True,0.2
2026-08-27T00:27:47Z,IL,IL00074IW002800020,41.2141,-90.3308,78,Partly Cloudy,2,10,False,False,False,False,True,0.2
2026-08-27T00:27:47Z,IL,IL00072IE015200041,39.9923,-88.7827,82,Mostly Clear,10,9,False,False,False,False,True,0.2
2026-08-27T00:27:47Z,IL,IL00072IW015200014,39.9888,-88.7852,82,Mostly Clear,10,9,False,False,False,False,True,0.2
2026-08-27T00:27:47Z,IL,IL00057IS007900047,38.0962,-88.9138,87,Clear,5,1,False,False,False,False,True,0.2
2026-08-27T00:27:47Z,IL,IL00055IN006400027,39.3465,-89.6408,84,Slight Chance Rain Showers,15,7,False,False,True,False,True,0.2
2026-08-27T00:27:47Z,IL,IL00074IW015600009,40.2711,-88.6701,82,Mostly Clear,9,9,False,False,False,False,True,0.2
2026-08-27T00:27:47Z,IL,IL00039IS008500026,41.7285,-89.0105,78,Isolated Rain Showers,17,10,False,False,True,False,True,0.2
2026-08-27T00:27:47Z,IL,IL00057IN022200048,39.9218,-88.299,82,Partly Cloudy,13,9,False,False,False,False,True,0.2
2026-08-27T00:27:47Z,IL,IL00074IE002800030,41.2334,-90.333,78,Partly Cloudy,2,10,False,False,False,False,True,0.2
2026-08-27T00:27:47Z,IL,IL00057IN033300049,41.3892,-87.7729,79,Isolated Rain Showers,19,10,False,False,True,False,True,0.2
2026-08-27T00:27:47Z,IL,IL00070IE002700042,38.7849,-89.7023,86,Slight Chance Showers And Thunderstorms,17,6,False,False,True,True,True,0.2
2026-08-27T00:27:47Z,IL,IL00057IS026800022,40.5613,-88.0615,80,Partly Cloudy,12,10,False,False,False,False,True,0.2
2026-08-27T00:27:47Z,IL,IL00057IS033300046,41.3918,-87.7749,79,Isolated Rain Showers,19,10,False,False,True,False,True,0.2
2026-08-27T00:27:47Z,IL,IL00055IN014900028,40.3599,-89.1099,81,Mostly Clear,9,9,False,False,False,False,True,0.2
2026-08-27T00:27:47Z,IL,IL00057IN026800032,40.5505,-88.0605,80,Partly Cloudy,12,10,False,False,False,False,True,0.2
2026-08-27T00:27:47Z,IL,IL00057IN011400033,38.5963,-88.9638,87,Slight Chance Showers And Thunderstorms,22,3,False,False,True,True,True,0.2
2026-08-27T00:27:47Z,IL,IL00057IN007900034,38.0297,-88.9203,87,Mostly Clear,5,2,False,False,False,False,True,0.2
2026-08-27T00:27:47Z,IL,IL00074IW020800052,40.1298,-87.7441,78,Partly Cloudy,13,6,False,False,False,False,True,0.2
2026-08-27T00:27:47Z,IL,IL00080IE005100040,41.3938,-89.5665,78,Partly Cloudy,12,10,False,False,False,False,True,0.2
2026-08-27T00:27:47Z,IL,IL00057IS011400023,38.5965,-88.9677,87,Slight Chance Showers And Thunderstorms,22,3,False,False,True,True,True,0.2
2026-08-27T00:27:47Z,IL,IL00024IW003700010,37.1593,-88.6798,84,Mostly Clear,5,1,False,False,False,False,True,0.2
2026-08-27T00:27:47Z,IL,IL00070IE008600051,39.0651,-88.6745,88,Scattered Showers And Thunderstorms,30,5,False,False,True,True,True,0.2
2026-08-27T00:27:47Z,IL,IL00080IW005100013,41.3937,-89.5591,78,Partly Cloudy,13,10,False,False,False,False,True,0.2
2026-08-27T00:27:47Z,IL,IL00064IW013000053,38.2322,-87.9882,86,Mostly Clear,4,1,False,False,False,False,True,0.2
2026-08-27T00:27:47Z,IL,IL00055IS019400021,40.8371,-88.6833,80,Mostly Clear,12,10,False,False,False,False,True,0.2
2026-08-27T00:27:47Z,IL,IL00064IW002500011,38.5491,-89.7633,87,Slight Chance Showers And Thunderstorms,16,3,False,False,True,True,True,0.2
2026-08-27T00:27:47Z,IL,IL00080IE011700043,41.4314,-88.3454,78,Mostly Clear,11,10,False,False,False,False,True,0.2
2026-08-27T00:27:47Z,IL,IL00064IW008500012,38.2766,-88.8012,87,Mostly Clear,3,3,False,False,False,False,True,0.2
2026-08-27T00:27:47Z,IL,IL00055IS002700019,38.8723,-89.8511,85,Mostly Clear,14,7,False,False,False,False,True,0.2
2026-08-27T00:27:47Z,IL,IL00055IN002700029,38.8649,-89.8532,85,Mostly Clear,14,7,False,False,False,False,True,0.2
2026-08-27T00:27:47Z,IL,IL00039IN008500036,41.7236,-89.0062,78,Isolated Rain Showers,17,10,False,False,True,False,True,0.2
2026-08-27T00:27:47Z,IL,IL00064IE002500038,38.5481,-89.7731,84,Slight Chance Rain Showers,16,3,False,False,True,False,True,0.2
2026-08-27T00:27:47Z,IL,IL00064IE008500039,38.273,-88.8496,83,Mostly Clear,12,3,False,False,False,False,True,0.2
2026-08-27T00:27:47Z,IL,IL00055IN019400031,40.8234,-88.6875,80,Mostly Clear,11,10,False,False,False,False,True,0.2
2026-08-27T00:27:47Z,IL,IL00055IN010400050,39.8627,-89.5948,81,Mostly Clear,4,7,False,False,False,False,True,0.2
2026-08-27T00:27:47Z,IL,IL00070IW002700015,38.7884,-89.6889,86,Slight Chance Showers And Thunderstorms,17,6,False,False,True,True,True,0.2
2026-08-27T00:27:47Z,IL,IL00074IE015600037,40.2732,-88.6762,82,Mostly Clear,9,9,False,False,False,False,True,0.2
2026-08-27T00:27:47Z,IL,IL00074IE011400005,40.6125,-89.245,81,Mostly Clear,7,9,False,False,False,False,True,0.2
2026-08-27T00:27:47Z,IL,IL00074IW006200004,40.8802,-90.0895,81,Mostly Clear,3,8,False,False,False,False,True,0.2
2026-08-27T00:27:47Z,IL,IL00070IW008700045,39.0679,-88.6704,88,Scattered Showers And Thunderstorms,30,5,False,False,True,True,True,0.2
2026-08-27T00:27:47Z,IL,IL00057IS016500018,39.1993,-88.502,86,Scattered Showers And Thunderstorms,33,6,False,False,True,True,True,0.2
2026-08-27T00:27:47Z,IL,IL00074IW011400006,40.6111,-89.2323,81,Mostly Clear,7,9,False,False,False,False,True,0.2
2026-08-27T00:27:47Z,IL,IL00074IE006200001,40.8788,-90.0936,81,Mostly Clear,3,8,False,False,False,False,True,0.2
2026-08-27T00:27:47Z,IL,IL00070IW014900008,39.4228,-87.6617,77,Isolated Rain Showers,16,5,False,False,True,False,True,0.2
2026-08-27T00:27:47Z,IL,IL00057IN016500044,39.1898,-88.5031,87,Scattered Showers And Thunderstorms,33,6,False,False,True,True,True,0.2
2026-08-27T00:27:47Z,IL,IL00055IS010400024,39.8871,-89.5966,83,Mostly Clear,10,9,False,False,False,False,True,0.2
2026-08-27T00:27:47Z,IL,IL00057IS003200025,37.4699,-89.1329,87,Mostly Clear,13,2,False,False,False,False,True,0.2
2026-08-27T00:27:47Z,IL,IL00057IN003200035,37.4661,-89.1324,87,Mostly Clear,13,2,False,False,False,False,True,0.2
2026-08-27T00:27:47Z,IN,322,38.195,-87.8597,85,Mostly Clear,4,1,False,False,False,False,True,0.2
2026-08-27T00:27:47Z,IN,317,38.5852,-85.7768,85,Mostly Clear,2,3,False,False,False,False,True,0.2
2026-08-27T00:27:47Z,IN,316,38.5859,-85.7809,85,Mostly Clear,2,3,False,False,False,False,True,0.2
2026-08-27T00:27:47Z,IN,315,39.2602,-85.9521,82,Mostly Cloudy,8,3,False,False,False,False,True,0.2
2026-08-27T00:27:47Z,IN,314,39.2767,-85.9569,82,Mostly Cloudy,8,3,False,False,False,False,True,0.2
2026-08-27T00:27:47Z,IN,313,40.1578,-86.5387,77,Chance Showers And Thunderstorms,43,7,False,False,True,True,True,0.2
2026-08-27T00:27:47Z,IN,312,40.1722,-86.5522,77,Chance Showers And Thunderstorms,41,7,False,False,True,True,True,0.2
2026-08-27T00:27:47Z,IN,311,40.6992,-87.0628,77,Slight Chance Showers And Thunderstorms,22,5,False,False,True,True,True,0.2
2026-08-27T00:27:47Z,IN,310,40.6984,-87.0646,77,Slight Chance Showers And Thunderstorms,22,5,False,False,True,True,True,0.2
2026-08-27T00:27:47Z,IN,308,41.1653,-87.271,78,Isolated Rain Showers,20,5,False,False,True,False,True,0.2
2026-08-27T00:27:47Z,IN,309,41.1666,-87.2749,78,Isolated Rain Showers,20,5,False,False,True,False,True,0.2
2026-08-27T00:27:47Z,IN,318,40.3543,-85.5576,76,Showers And Thunderstorms Likely,73,7,False,False,True,True,True,0.2
2026-08-27T00:27:47Z,IN,319,40.3569,-85.56,76,Showers And Thunderstorms Likely,73,7,False,False,True,True,True,0.2
2026-08-27T00:27:47Z,IN,320,41.2963,-85.0863,73,Chance Showers And Thunderstorms,51,5,False,False,True,True,True,0.2
2026-08-27T00:27:47Z,IN,321,41.5803,-85.0597,73,Chance Showers And Thunderstorms,51,5,False,False,True,True,True,0.2
2026-08-27T00:27:47Z,IN,300,39.4417,-87.5002,81,Chance Showers And Thunderstorms,34,6,False,False,True,True,True,0.2
2026-08-27T00:27:47Z,IN,302,39.6517,-86.3967,79,Showers And Thunderstorms,78,6,False,False,True,True,True,0.2
2026-08-27T00:27:47Z,IN,301,39.6541,-86.4005,79,Showers And Thunderstorms,78,6,False,False,True,True,True,0.2
2026-08-27T00:27:47Z,IN,303,39.8243,-85.7039,78,Showers And Thunderstorms,78,6,False,False,True,True,True,0.2
2026-08-27T00:27:47Z,IN,304,39.8266,-85.704,78,Showers And Thunderstorms,78,6,False,False,True,True,True,0.2
2026-08-27T00:27:47Z,IN,305,39.8605,-85.0259,78,Mostly Clear,7,5,False,False,False,False,True,0.2
2026-08-27T00:27:47Z,IN,323,39.29,-85.1688,80,Mostly Clear,1,2,False,False,False,False,True,0.2
2026-08-27T00:27:47Z,IN,702,41.7472,-85.3285,71,Chance Showers And Thunderstorms,30,5,False,False,True,True,True,0.2
2026-08-27T00:27:47Z,IN,701,41.5889,-87.2173,79,Isolated Rain Showers,21,10,False,False,True,False,True,0.2
2026-08-27T00:27:47Z,IN,704,41.7058,-86.6212,76,Partly Cloudy,10,5,False,False,False,False,True,0.2
2026-08-27T00:27:47Z,IN,703,41.7071,-86.6235,76,Partly Cloudy,10,5,False,False,False,False,True,0.2
2026-08-27T00:27:47Z,IN,705,41.733,-86.0057,77,Slight Chance Showers And Thunderstorms,17,5,False,False,True,True,True,0.2
2026-08-27T00:27:47Z,IN,708,41.7472,-85.3285,71,Chance Showers And Thunderstorms,30,5,False,False,True,True,True,0.2
2026-08-27T00:27:47Z,IN,707,41.7453,-85.3287,71,Chance Showers And Thunderstorms,30,5,False,False,True,True,True,0.2
2026-08-27T00:27:47Z,IN,324,41.7353,-86.7933,76,Partly Cloudy,10,5,False,False,False,False,True,0.2
2026-08-27T00:27:47Z,KY,KY00065IS0000020N65WELCOM,36.6434,-86.5687,83,Partly Cloudy,3,0,False,False,False,False,False,0.0
2026-08-27T00:27:47Z,KY,KY00065IS000020NSMARATHON,36.6612,-86.5553,86,Partly Cloudy,4,2,False,False,False,False,False,0.0
2026-08-27T00:27:47Z,KY,KY00065IS0000340NWEIGHS34,36.6868,-86.5379,87,Mostly Clear,4,3,False,False,False,False,False,0.0
2026-08-27T00:27:47Z,KY,KY00065IS0011400S65SRA114,37.9464,-85.6905,86,Mostly Clear,1,3,False,False,False,False,False,0.0
2026-08-27T00:27:47Z,KY,KY00065IS0005900S65SRA059,37.239,-85.9297,85,Mostly Clear,1,1,False,False,False,False,False,0.0
2026-08-27T00:27:47Z,KY,KY00065IS0005900N65NRA059,37.2384,-85.9271,85,Mostly Clear,1,1,False,False,False,False,False,0.0
2026-08-27T00:27:47Z,KY,KY00075IS0003300NWEIGHS33,37.0422,-84.0968,81,Partly Cloudy,1,2,False,False,False,False,False,0.0
2026-08-27T00:27:47Z,KY,KY00075IS0003400SWEIGHS34,37.048,-84.0997,78,Mostly Clear,2,1,False,False,False,False,False,0.0
2026-08-27T00:27:47Z,KY,KY00075IS0017700N75NRA177,38.937,-84.6309,79,Chance Showers And Thunderstorms,27,3,False,False,True,True,False,0.1
2026-08-27T00:27:47Z,KY,KY00075IS0007500SWALTONWS,38.8653,-84.6476,82,Mostly Clear,1,3,False,False,False,False,False,0.0
2026-08-27T00:27:47Z,KY,KY00075IS0017700S75SRA177,38.9388,-84.6339,79,Chance Showers And Thunderstorms,27,3,False,False,True,True,False,0.1
2026-08-27T00:27:47Z,KY,KY00075IS0016800SCRITENWS,38.8196,-84.6015,82,Mostly Clear,1,3,False,False,False,False,False,0.0
2026-08-27T00:27:47Z,KY,KY00075IS0000100N75WELCOM,36.6162,-84.1054,83,Mostly Cloudy,2,1,False,False,False,False,False,0.0
2026-08-27T00:42:47Z,IL,IL00080IW011700016,41.4473,-88.3285,78,Mostly Clear,12,10,False,False,False,False,True,0.2
2026-08-27T00:42:47Z,IL,IL00055IS006400017,39.3523,-89.6447,84,Mostly Clear,14,7,False,False,False,False,True,0.2
2026-08-27T00:42:47Z,IL,IL00057IS022200054,39.9314,-88.3043,82,Partly Cloudy,13,9,False,False,False,False,True,0.2
2026-08-27T00:42:47Z,IL,IL00074IW002800020,41.2141,-90.3308,78,Partly Cloudy,2,10,False,False,False,False,True,0.2
2026-08-27T00:42:47Z,IL,IL00072IE015200041,39.9923,-88.7827,82,Mostly Clear,10,9,False,False,False,False,True,0.2
2026-08-27T00:42:47Z,IL,IL00072IW015200014,39.9888,-88.7852,82,Mostly Clear,10,9,False,False,False,False,True,0.2
2026-08-27T00:42:47Z,IL,IL00057IS007900047,38.0962,-88.9138,87,Clear,5,1,False,False,False,False,True,0.2
2026-08-27T00:42:47Z,IL,IL00055IN006400027,39.3465,-89.6408,84,Slight Chance Rain Showers,15,7,False,False,True,False,True,0.2
2026-08-27T00:42:47Z,IL,IL00074IW015600009,40.2711,-88.6701,82,Mostly Clear,9,9,False,False,False,False,True,0.2
2026-08-27T00:42:47Z,IL,IL00039IS008500026,41.7285,-89.0105,78,Isolated Rain Showers,17,10,False,False,True,False,True,0.2
2026-08-27T00:42:47Z,IL,IL00057IN022200048,39.9218,-88.299,82,Partly Cloudy,13,9,False,False,False,False,True,0.2
2026-08-27T00:42:47Z,IL,IL00074IE002800030,41.2334,-90.333,78,Partly Cloudy,2,10,False,False,False,False,True,0.2
2026-08-27T00:42:47Z,IL,IL00057IN033300049,41.3892,-87.7729,79,Isolated Rain Showers,19,10,False,False,True,False,True,0.2
2026-08-27T00:42:47Z,IL,IL00070IE002700042,38.7849,-89.7023,86,Slight Chance Showers And Thunderstorms,17,6,False,False,True,True,True,0.2
2026-08-27T00:42:47Z,IL,IL00057IS026800022,40.5613,-88.0615,80,Partly Cloudy,12,10,False,False,False,False,True,0.2
2026-08-27T00:42:47Z,IL,IL00057IS033300046,41.3918,-87.7749,79,Isolated Rain Showers,19,10,False,False,True,False,True,0.2
2026-08-27T00:42:47Z,IL,IL00055IN014900028,40.3599,-89.1099,81,Mostly Clear,9,9,False,False,False,False,True,0.2
2026-08-27T00:42:47Z,IL,IL00057IN026800032,40.5505,-88.0605,80,Partly Cloudy,12,10,False,False,False,False,True,0.2
2026-08-27T00:42:47Z,IL,IL00057IN011400033,38.5963,-88.9638,87,Slight Chance Showers And Thunderstorms,22,3,False,False,True,True,True,0.2
2026-08-27T00:42:47Z,IL,IL00057IN007900034,38.0297,-88.9203,87,Mostly Clear,5,2,False,False,False,False,True,0.2
2026-08-27T00:42:47Z,IL,IL00074IW020800052,40.1298,-87.7441,78,Partly Cloudy,13,6,False,False,False,False,True,0.2
2026-08-27T00:42:47Z,IL,IL00080IE005100040,41.3938,-89.5665,78,Partly Cloudy,12,10,False,False,False,False,True,0.2
2026-08-27T00:42:47Z,IL,IL00057IS011400023,38.5965,-88.9677,87,Slight Chance Showers And Thunderstorms,22,3,False,False,True,True,True,0.2
2026-08-27T00:42:47Z,IL,IL00024IW003700010,37.1593,-88.6798,84,Mostly Clear,5,1,False,False,False,False,True,0.2
2026-08-27T00:42:47Z,IL,IL00070IE008600051,39.0651,-88.6745,88,Scattered Showers And Thunderstorms,30,5,False,False,True,True,True,0.2
2026-08-27T00:42:47Z,IL,IL00080IW005100013,41.3937,-89.5591,78,Partly Cloudy,13,10,False,False,False,False,True,0.2
2026-08-27T00:42:47Z,IL,IL00064IW013000053,38.2322,-87.9882,86,Mostly Clear,4,1,False,False,False,False,True,0.2
2026-08-27T00:42:47Z,IL,IL00055IS019400021,40.8371,-88.6833,80,Mostly Clear,12,10,False,False,False,False,True,0.2
2026-08-27T00:42:47Z,IL,IL00064IW002500011,38.5491,-89.7633,87,Slight Chance Showers And Thunderstorms,16,3,False,False,True,True,True,0.2
2026-08-27T00:42:47Z,IL,IL00080IE011700043,41.4314,-88.3454,78,Mostly Clear,11,10,False,False,False,False,True,0.2
2026-08-27T00:42:47Z,IL,IL00064IW008500012,38.2766,-88.8012,87,Mostly Clear,3,3,False,False,False,False,True,0.2
2026-08-27T00:42:47Z,IL,IL00055IS002700019,38.8723,-89.8511,85,Mostly Clear,14,7,False,False,False,False,True,0.2
2026-08-27T00:42:47Z,IL,IL00055IN002700029,38.8649,-89.8532,85,Mostly Clear,14,7,False,False,False,False,True,0.2
2026-08-27T00:42:47Z,IL,IL00039IN008500036,41.7236,-89.0062,78,Isolated Rain Showers,17,10,False,False,True,False,True,0.2
2026-08-27T00:42:47Z,IL,IL00064IE002500038,38.5481,-89.7731,84,Slight Chance Rain Showers,16,3,False,False,True,False,True,0.2
2026-08-27T00:42:47Z,IL,IL00064IE008500039,38.273,-88.8496,83,Mostly Clear,12,3,False,False,False,False,True,0.2
2026-08-27T00:42:47Z,IL,IL00055IN019400031,40.8234,-88.6875,80,Mostly Clear,11,10,False,False,False,False,True,0.2
2026-08-27T00:42:47Z,IL,IL00055IN010400050,39.8627,-89.5948,81,Mostly Clear,4,7,False,False,False,False,True,0.2
2026-08-27T00:42:47Z,IL,IL00070IW002700015,38.7884,-89.6889,86,Slight Chance Showers And Thunderstorms,17,6,False,False,True,True,True,0.2
2026-08-27T00:42:47Z,IL,IL00074IE015600037,40.2732,-88.6762,82,Mostly Clear,9,9,False,False,False,False,True,0.2
2026-08-27T00:42:47Z,IL,IL00074IE011400005,40.6125,-89.245,81,Mostly Clear,7,9,False,False,False,False,True,0.2
2026-08-27T00:42:47Z,IL,IL00074IW006200004,40.8802,-90.0895,79,Mostly Clear,0,6,False,False,False,False,True,0.2
2026-08-27T00:42:47Z,IL,IL00070IW008700045,39.0679,-88.6704,88,Scattered Showers And Thunderstorms,30,5,False,False,True,True,True,0.2
2026-08-27T00:42:47Z,IL,IL00057IS016500018,39.1993,-88.502,86,Scattered Showers And Thunderstorms,33,6,False,False,True,True,True,0.2
2026-08-27T00:42:47Z,IL,IL00074IW011400006,40.6111,-89.2323,81,Mostly Clear,7,9,False,False,False,False,True,0.2
2026-08-27T00:42:47Z,IL,IL00074IE006200001,40.8788,-90.0936,79,Mostly Clear,0,6,False,False,False,False,True,0.2
2026-08-27T00:42:47Z,IL,IL00070IW014900008,39.4228,-87.6617,77,Isolated Rain Showers,16,5,False,False,True,False,True,0.2
2026-08-27T00:42:47Z,IL,IL00057IN016500044,39.1898,-88.5031,87,Scattered Showers And Thunderstorms,33,6,False,False,True,True,True,0.2
2026-08-27T00:42:47Z,IL,IL00055IS010400024,39.8871,-89.5966,80,Mostly Clear,3,7,False,False,False,False,True,0.2
2026-08-27T00:42:47Z,IL,IL00057IS003200025,37.4699,-89.1329,87,Mostly Clear,13,2,False,False,False,False,True,0.2
2026-08-27T00:42:47Z,IL,IL00057IN003200035,37.4661,-89.1324,87,Mostly Clear,13,2,False,False,False,False,True,0.2
2026-08-27T00:42:47Z,IN,317,38.5852,-85.7768,83,Mostly Clear,6,2,False,False,False,False,True,0.2
2026-08-27T00:42:47Z,IN,315,39.2602,-85.9521,78,Chance Showers And Thunderstorms,41,2,False,False,True,True,True,0.2
2026-08-27T00:42:47Z,IN,314,39.2767,-85.9569,77,Chance Showers And Thunderstorms,42,2,False,False,True,True,True,0.2
2026-08-27T00:42:47Z,IN,313,40.1578,-86.5387,74,Chance Showers And Thunderstorms,27,5,False,False,True,True,True,0.2
2026-08-27T00:42:47Z,IN,312,40.1722,-86.5522,74,Chance Showers And Thunderstorms,26,5,False,False,True,True,True,0.2
2026-08-27T00:42:47Z,IN,311,40.6992,-87.0628,75,Mostly Clear,11,5,False,False,False,False,True,0.2
2026-08-27T00:42:47Z,IN,310,40.6984,-87.0646,75,Mostly Clear,11,5,False,False,False,False,True,0.2
2026-08-27T00:42:47Z,IN,308,41.1653,-87.271,76,Isolated Rain Showers,17,5,False,False,True,False,True,0.2
2026-08-27T00:42:47Z,IN,309,41.1666,-87.2749,76,Isolated Rain Showers,17,5,False,False,True,False,True,0.2
2026-08-27T00:42:47Z,IN,318,40.3543,-85.5576,72,Chance Showers And Thunderstorms,45,5,False,False,True,True,True,0.2
2026-08-27T00:42:47Z,IN,319,40.3569,-85.56,72,Chance Showers And Thunderstorms,45,5,False,False,True,True,True,0.2
2026-08-27T00:42:47Z,IN,320,41.2963,-85.0863,71,Chance Showers And Thunderstorms,42,5,False,False,True,True,True,0.2
2026-08-27T00:42:47Z,IN,321,41.5803,-85.0597,71,Slight Chance Showers And Thunderstorms,19,5,False,False,True,True,True,0.2
2026-08-27T00:42:47Z,IN,300,39.4417,-87.5002,78,Slight Chance Showers And Thunderstorms,24,5,False,False,True,True,True,0.2
2026-08-27T00:42:47Z,IN,302,39.6517,-86.3967,76,Chance Showers And Thunderstorms,51,5,False,False,True,True,True,0.2
2026-08-27T00:42:47Z,IN,301,39.6541,-86.4005,76,Chance Showers And Thunderstorms,51,5,False,False,True,True,True,0.2
2026-08-27T00:42:47Z,IN,305,39.8605,-85.0259,76,Slight Chance Showers And Thunderstorms,22,3,False,False,True,True,True,0.2
2026-08-27T00:42:47Z,IN,323,39.29,-85.1688,77,Slight Chance Showers And Thunderstorms,16,2,False,False,True,True,True,0.2
2026-08-27T00:42:47Z,IN,702,41.7472,-85.3285,71,Partly Cloudy,12,5,False,False,False,False,True,0.2
2026-08-27T00:42:47Z,IN,701,41.5889,-87.2173,77,Isolated Rain Showers,18,10,False,False,True,False,True,0.2
2026-08-27T00:42:47Z,IN,704,41.7058,-86.6212,74,Partly Cloudy,10,5,False,False,False,False,True,0.2
2026-08-27T00:42:47Z,IN,703,41.7071,-86.6235,74,Partly Cloudy,10,5,False,False,False,False,True,0.2
2026-08-27T00:42:47Z,IN,705,41.733,-86.0057,75,Mostly Clear,12,5,False,False,False,False,True,0.2
2026-08-27T00:42:47Z,IN,708,41.7472,-85.3285,71,Partly Cloudy,12,5,False,False,False,False,True,0.2
2026-08-27T00:42:47Z,IN,707,41.7453,-85.3287,71,Partly Cloudy,12,5,False,False,False,False,True,0.2
2026-08-27T00:42:47Z,IN,324,41.7353,-86.7933,75,Partly Cloudy,9,5,False,False,False,False,True,0.2
2026-08-27T00:42:47Z,KY,KY00065IS0000020N65WELCOM,36.6434,-86.5687,83,Partly Cloudy,3,0,False,False,False,False,False,0.0
2026-08-27T00:42:47Z,KY,KY00065IS000020NSMARATHON,36.6612,-86.5553,86,Partly Cloudy,4,2,False,False,False,False,False,0.0
2026-08-27T00:42:47Z,KY,KY00065IS0000340NWEIGHS34,36.6868,-86.5379,87,Mostly Clear,4,3,False,False,False,False,False,0.0
2026-08-27T00:42:47Z,KY,KY00065IS0005900S65SRA059,37.239,-85.9297,85,Mostly Clear,1,1,False,False,False,False,False,0.0
2026-08-27T00:42:47Z,KY,KY00065IS0005900N65NRA059,37.2384,-85.9271,85,Mostly Clear,1,1,False,False,False,False,False,0.0
2026-08-27T00:42:47Z,KY,KY00075IS0003300NWEIGHS33,37.0422,-84.0968,81,Partly Cloudy,1,2,False,False,False,False,False,0.0
2026-08-27T00:42:47Z,KY,KY00075IS0003400SWEIGHS34,37.048,-84.0997,78,Mostly Clear,2,1,False,False,False,False,False,0.0
2026-08-27T00:42:47Z,KY,KY00075IS0017700N75NRA177,38.937,-84.6309,81,Mostly Clear,1,3,False,False,False,False,False,0.0
2026-08-27T00:42:47Z,KY,KY00075IS0007500SWALTONWS,38.8653,-84.6476,79,Chance Showers And Thunderstorms,26,2,False,False,True,True,False,0.1
2026-08-27T00:42:47Z,KY,KY00075IS0017700S75SRA177,38.9388,-84.6339,79,Chance Showers And Thunderstorms,27,3,False,False,True,True,False,0.1
2026-08-27T00:42:47Z,KY,KY00075IS0016800SCRITENWS,38.8196,-84.6015,82,Mostly Clear,1,3,False,False,False,False,False,0.0
2026-08-27T00:42:47Z,KY,KY00075IS0000100N75WELCOM,36.6162,-84.1054,83,Mostly Cloudy,2,1,False,False,False,False,False,0.0
2026-08-27T00:42:52Z,IL,IL00055IS006400017,39.3523,-89.6447,84,Mostly Clear,14,7,False,False,False,False,True,0.2
2026-08-27T00:42:52Z,IL,IL00057IS022200054,39.9314,-88.3043,82,Partly Cloudy,13,9,False,False,False,False,True,0.2
2026-08-27T00:42:52Z,IL,IL00074IW002800020,41.2141,-90.3308,78,Partly Cloudy,2,10,False,False,False,False,True,0.2
2026-08-27T00:42:52Z,IL,IL00072IE015200041,39.9923,-88.7827,82,Mostly Clear,10,9,False,False,False,False,True,0.2
2026-08-27T00:42:52Z,IL,IL00072IW015200014,39.9888,-88.7852,82,Mostly Clear,10,9,False,False,False,False,True,0.2
2026-08-27T00:42:52Z,IL,IL00057IS007900047,38.0962,-88.9138,87,Clear,5,1,False,False,False,False,True,0.2
2026-08-27T00:42:52Z,IL,IL00055IN006400027,39.3465,-89.6408,84,Slight Chance Rain Showers,15,7,False,False,True,False,True,0.2
2026-08-27T00:42:52Z,IL,IL00074IW015600009,40.2711,-88.6701,82,Mostly Clear,9,9,False,False,False,False,True,0.2
2026-08-27T00:42:52Z,IL,IL00039IS008500026,41.7285,-89.0105,78,Isolated Rain Showers,17,10,False,False,True,False,True,0.2
2026-08-27T00:42:52Z,IL,IL00057IN022200048,39.9218,-88.299,82,Partly Cloudy,13,9,False,False,False,False,True,0.2
2026-08-27T00:42:52Z,IL,IL00074IE002800030,41.2334,-90.333,78,Partly Cloudy,2,10,False,False,False,False,True,0.2
2026-08-27T00:42:52Z,IL,IL00057IN033300049,41.3892,-87.7729,79,Isolated Rain Showers,19,10,False,False,True,False,True,0.2
2026-08-27T00:42:52Z,IL,IL00070IE002700042,38.7849,-89.7023,86,Slight Chance Showers And Thunderstorms,17,6,False,False,True,True,True,0.2
2026-08-27T00:42:52Z,IL,IL00057IS026800022,40.5613,-88.0615,80,Partly Cloudy,12,10,False,False,False,False,True,0.2
2026-08-27T00:42:52Z,IL,IL00057IS033300046,41.3918,-87.7749,79,Isolated Rain Showers,19,10,False,False,True,False,True,0.2
2026-08-27T00:42:52Z,IL,IL00055IN014900028,40.3599,-89.1099,81,Mostly Clear,9,9,False,False,False,False,True,0.2
2026-08-27T00:42:52Z,IL,IL00057IN026800032,40.5505,-88.0605,80,Partly Cloudy,12,10,False,False,False,False,True,0.2
2026-08-27T00:42:52Z,IL,IL00057IN011400033,38.5963,-88.9638,87,Slight Chance Showers And Thunderstorms,22,3,False,False,True,True,True,0.2
2026-08-27T00:42:52Z,IL,IL00057IN007900034,38.0297,-88.9203,87,Mostly Clear,5,2,False,False,False,False,True,0.2
2026-08-27T00:42:52Z,IL,IL00074IW020800052,40.1298,-87.7441,78,Partly Cloudy,13,6,False,False,False,False,True,0.2
2026-08-27T00:42:52Z,IL,IL00080IE005100040,41.3938,-89.5665,78,Partly Cloudy,12,10,False,False,False,False,True,0.2
2026-08-27T00:42:52Z,IL,IL00057IS011400023,38.5965,-88.9677,87,Slight Chance Showers And Thunderstorms,22,3,False,False,True,True,True,0.2
2026-08-27T00:42:52Z,IL,IL00024IW003700010,37.1593,-88.6798,84,Mostly Clear,5,1,False,False,False,False,True,0.2
2026-08-27T00:42:52Z,IL,IL00070IE008600051,39.0651,-88.6745,88,Scattered Showers And Thunderstorms,30,5,False,False,True,True,True,0.2
2026-08-27T00:42:52Z,IL,IL00080IW005100013,41.3937,-89.5591,75,Partly Cloudy,12,10,False,False,False,False,True,0.2
2026-08-27T00:42:52Z,IL,IL00064IW013000053,38.2322,-87.9882,86,Mostly Clear,4,1,False,False,False,False,True,0.2
2026-08-27T00:42:52Z,IL,IL00055IS019400021,40.8371,-88.6833,80,Mostly Clear,12,10,False,False,False,False,True,0.2
2026-08-27T00:42:52Z,IL,IL00064IW002500011,38.5491,-89.7633,87,Slight Chance Showers And Thunderstorms,16,3,False,False,True,True,True,0.2
2026-08-27T00:42:52Z,IL,IL00080IE011700043,41.4314,-88.3454,78,Mostly Clear,11,10,False,False,False,False,True,0.2
2026-08-27T00:42:52Z,IL,IL00064IW008500012,38.2766,-88.8012,87,Mostly Clear,3,3,False,False,False,False,True,0.2
2026-08-27T00:42:52Z,IL,IL00055IS002700019,38.8723,-89.8511,85,Mostly Clear,14,7,False,False,False,False,True,0.2
2026-08-27T00:42:52Z,IL,IL00055IN002700029,38.8649,-89.8532,85,Mostly Clear,14,7,False,False,False,False,True,0.2
2026-08-27T00:42:52Z,IL,IL00039IN008500036,41.7236,-89.0062,78,Isolated Rain Showers,17,10,False,False,True,False,True,0.2
2026-08-27T00:42:52Z,IL,IL00064IE002500038,38.5481,-89.7731,88,Slight Chance Showers And Thunderstorms,16,3,False,False,True,True,True,0.2
2026-08-27T00:42:52Z,IL,IL00064IE008500039,38.273,-88.8496,87,Mostly Clear,4,3,False,False,False,False,True,0.2
2026-08-27T00:42:52Z,IL,IL00055IN019400031,40.8234,-88.6875,80,Mostly Clear,11,10,False,False,False,False,True,0.2
2026-08-27T00:42:52Z,IL,IL00055IN010400050,39.8627,-89.5948,83,Mostly Clear,10,9,False,False,False,False,True,0.2
2026-08-27T00:42:52Z,IL,IL00070IW002700015,38.7884,-89.6889,86,Slight Chance Showers And Thunderstorms,17,6,False,False,True,True,True,0.2
2026-08-27T00:42:52Z,IL,IL00074IE015600037,40.2732,-88.6762,82,Mostly Clear,9,9,False,False,False,False,True,0.2
2026-08-27T00:42:52Z,IL,IL00074IE011400005,40.6125,-89.245,81,Mostly Clear,7,9,False,False,False,False,True,0.2
2026-08-27T00:42:52Z,IL,IL00074IW006200004,40.8802,-90.0895,79,Mostly Clear,0,6,False,False,False,False,True,0.2
2026-08-27T00:42:52Z,IL,IL00070IW008700045,39.0679,-88.6704,88,Scattered Showers And Thunderstorms,30,5,False,False,True,True,True,0.2
2026-08-27T00:42:52Z,IL,IL00057IS016500018,39.1993,-88.502,86,Scattered Showers And Thunderstorms,33,6,False,False,True,True,True,0.2
2026-08-27T00:42:52Z,IL,IL00074IW011400006,40.6111,-89.2323,81,Mostly Clear,7,9,False,False,False,False,True,0.2
2026-08-27T00:42:52Z,IL,IL00074IE006200001,40.8788,-90.0936,79,Mostly Clear,0,6,False,False,False,False,True,0.2
2026-08-27T00:42:52Z,IL,IL00070IW014900008,39.4228,-87.6617,77,Isolated Rain Showers,16,5,False,False,True,False,True,0.2
2026-08-27T00:42:52Z,IL,IL00057IN016500044,39.1898,-88.5031,87,Scattered Showers And Thunderstorms,33,6,False,False,True,True,True,0.2
2026-08-27T00:42:52Z,IL,IL00055IS010400024,39.8871,-89.5966,80,Mostly Clear,3,7,False,False,False,False,True,0.2
2026-08-27T00:42:52Z,IL,IL00057IS003200025,37.4699,-89.1329,87,Mostly Clear,13,2,False,False,False,False,True,0.2
2026-08-27T00:42:52Z,IL,IL00057IN003200035,37.4661,-89.1324,87,Mostly Clear,13,2,False,False,False,False,True,0.2
2026-08-27T00:42:52Z,IN,322,38.195,-87.8597,83,Mostly Clear,10,2,False,False,False,False,True,0.2
2026-08-27T00:42:52Z,IN,317,38.5852,-85.7768,83,Mostly Clear,6,2,False,False,False,False,True,0.2
2026-08-27T00:42:52Z,IN,316,38.5859,-85.7809,83,Mostly Clear,6,2,False,False,False,False,True,0.2
2026-08-27T00:42:52Z,IN,315,39.2602,-85.9521,78,Chance Showers And Thunderstorms,41,2,False,False,True,True,True,0.2
2026-08-27T00:42:52Z,IN,314,39.2767,-85.9569,77,Chance Showers And Thunderstorms,42,2,False,False,True,True,True,0.2
2026-08-27T00:42:52Z,IN,313,40.1578,-86.5387,74,Chance Showers And Thunderstorms,27,5,False,False,True,True,True,0.2
2026-08-27T00:42:52Z,IN,312,40.1722,-86.5522,74,Chance Showers And Thunderstorms,26,5,False,False,True,True,True,0.2
2026-08-27T00:42:52Z,IN,311,40.6992,-87.0628,75,Mostly Clear,11,5,False,False,False,False,True,0.2
2026-08-27T00:42:52Z,IN,310,40.6984,-87.0646,75,Mostly Clear,11,5,False,False,False,False,True,0.2
2026-08-27T00:42:52Z,IN,308,41.1653,-87.271,76,Isolated Rain Showers,17,5,False,False,True,False,True,0.2
2026-08-27T00:42:52Z,IN,309,41.1666,-87.2749,76,Isolated Rain Showers,17,5,False,False,True,False,True,0.2
2026-08-27T00:42:52Z,IN,318,40.3543,-85.5576,72,Chance Showers And Thunderstorms,45,5,False,False,True,True,True,0.2
2026-08-27T00:42:52Z,IN,319,40.3569,-85.56,72,Chance Showers And Thunderstorms,45,5,False,False,True,True,True,0.2
2026-08-27T00:42:52Z,IN,320,41.2963,-85.0863,71,Chance Showers And Thunderstorms,42,5,False,False,True,True,True,0.2
2026-08-27T00:42:52Z,IN,321,41.5803,-85.0597,71,Slight Chance Showers And Thunderstorms,19,5,False,False,True,True,True,0.2
2026-08-27T00:42:52Z,IN,302,39.6517,-86.3967,76,Chance Showers And Thunderstorms,51,5,False,False,True,True,True,0.2
2026-08-27T00:42:52Z,IN,301,39.6541,-86.4005,76,Chance Showers And Thunderstorms,51,5,False,False,True,True,True,0.2
2026-08-27T00:42:52Z,IN,303,39.8243,-85.7039,76,Showers And Thunderstorms Likely,60,3,False,False,True,True,True,0.2
2026-08-27T00:42:52Z,IN,304,39.8266,-85.704,76,Showers And Thunderstorms Likely,60,3,False,False,True,True,True,0.2
2026-08-27T00:42:52Z,IN,305,39.8605,-85.0259,76,Slight Chance Showers And Thunderstorms,22,3,False,False,True,True,True,0.2
2026-08-27T00:42:52Z,IN,323,39.29,-85.1688,77,Slight Chance Showers And Thunderstorms,16,2,False,False,True,True,True,0.2
2026-08-27T00:42:52Z,IN,702,41.7472,-85.3285,71,Partly Cloudy,12,5,False,False,False,False,True,0.2
2026-08-27T00:42:52Z,IN,701,41.5889,-87.2173,77,Isolated Rain Showers,18,10,False,False,True,False,True,0.2
2026-08-27T00:42:52Z,IN,704,41.7058,-86.6212,74,Partly Cloudy,10,5,False,False,False,False,True,0.2
2026-08-27T00:42:52Z,IN,703,41.7071,-86.6235,74,Partly Cloudy,10,5,False,False,False,False,True,0.2
2026-08-27T00:42:52Z,IN,705,41.733,-86.0057,75,Mostly Clear,12,5,False,False,False,False,True,0.2
2026-08-27T00:42:52Z,IN,708,41.7472,-85.3285,71,Partly Cloudy,12,5,False,False,False,False,True,0.2
2026-08-27T00:42:52Z,IN,707,41.7453,-85.3287,71,Partly Cloudy,12,5,False,False,False,False,True,0.2
2026-08-27T00:42:52Z,IN,324,41.7353,-86.7933,75,Partly Cloudy,9,5,False,False,False,False,True,0.2
2026-08-27T00:42:52Z,KY,KY00065IS0000020N65WELCOM,36.6434,-86.5687,83,Partly Cloudy,3,0,False,False,False,False,False,0.0
2026-08-27T00:42:52Z,KY,KY00065IS000020NSMARATHON,36.6612,-86.5553,86,Partly Cloudy,4,2,False,False,False,False,False,0.0
2026-08-27T00:42:52Z,KY,KY00065IS0000340NWEIGHS34,36.6868,-86.5379,87,Mostly Clear,4,3,False,False,False,False,False,0.0
2026-08-27T00:42:52Z,KY,KY00065IS0011400S65SRA114,37.9464,-85.6905,82,Mostly Clear,4,3,False,False,False,False,False,0.0
2026-08-27T00:42:52Z,KY,KY00065IS0005900S65SRA059,37.239,-85.9297,85,Mostly Clear,1,1,False,False,False,False,False,0.0
2026-08-27T00:42:52Z,KY,KY00065IS0005900N65NRA059,37.2384,-85.9271,85,Mostly Clear,1,1,False,False,False,False,False,0.0
2026-08-27T00:42:52Z,KY,KY00075IS0003300NWEIGHS33,37.0422,-84.0968,81,Partly Cloudy,1,2,False,False,False,False,False,0.0
2026-08-27T00:42:52Z,KY,KY00075IS0003400SWEIGHS34,37.048,-84.0997,82,Partly Cloudy,1,2,False,False,False,False,False,0.0
2026-08-27T00:42:52Z,KY,KY00075IS0017700N75NRA177,38.937,-84.6309,79,Chance Showers And Thunderstorms,27,3,False,False,True,True,False,0.1
2026-08-27T00:42:52Z,KY,KY00075IS0007500SWALTONWS,38.8653,-84.6476,79,Chance Showers And Thunderstorms,26,2,False,False,True,True,False,0.1
2026-08-27T00:42:52Z,KY,KY00075IS0017700S75SRA177,38.9388,-84.6339,79,Chance Showers And Thunderstorms,27,3,False,False,True,True,False,0.1
2026-08-27T00:42:52Z,KY,KY00075IS0016800SCRITENWS,38.8196,-84.6015,82,Mostly Clear,1,3,False,False,False,False,False,0.0
2026-08-27T00:42:52Z,KY,KY00075IS0000100N75WELCOM,36.6162,-84.1054,83,Mostly Cloudy,2,1,False,False,False,False,False,0.0
2026-08-27T00:42:57Z,IL,IL00080IW011700016,41.4473,-88.3285,78,Mostly Clear,12,10,False,False,False,False,True,0.2
2026-08-27T00:42:57Z,IL,IL00055IS006400017,39.3523,-89.6447,84,Mostly Clear,14,7,False,False,False,False,True,0.2
2026-08-27T00:42:57Z,IL,IL00057IS022200054,39.9314,-88.3043,82,Partly Cloudy,13,9,False,False,False,False,True,0.2
2026-08-27T00:42:57Z,IL,IL00074IW002800020,41.2141,-90.3308,78,Partly Cloudy,2,10,False,False,False,False,True,0.2
2026-08-27T00:42:57Z,IL,IL00072IE015200041,39.9923,-88.7827,82,Mostly Clear,10,9,False,False,False,False,True,0.2
2026-08-27T00:42:57Z,IL,IL00072IW015200014,39.9888,-88.7852,80,Mostly Clear,6,9,False,False,False,False,True,0.2
2026-08-27T00:42:57Z,IL,IL00057IS007900047,38.0962,-88.9138,87,Clear,5,1,False,False,False,False,True,0.2
2026-08-27T00:42:57Z,IL,IL00055IN006400027,39.3465,-89.6408,84,Slight Chance Rain Showers,15,7,False,False,True,False,True,0.2
2026-08-27T00:42:57Z,IL,IL00074IW015600009,40.2711,-88.6701,82,Mostly Clear,9,9,False,False,False,False,True,0.2
2026-08-27T00:42:57Z,IL,IL00039IS008500026,41.7285,-89.0105,78,Isolated Rain Showers,17,10,False,False,True,False,True,0.2
2026-08-27T00:42:57Z,IL,IL00057IN022200048,39.9218,-88.299,82,Partly Cloudy,13,9,False,False,False,False,True,0.2
2026-08-27T00:42:57Z,IL,IL00074IE002800030,41.2334,-90.333,78,Partly Cloudy,2,10,False,False,False,False,True,0.2
2026-08-27T00:42:57Z,IL,IL00057IN033300049,41.3892,-87.7729,79,Isolated Rain Showers,19,10,False,False,True,False,True,0.2
2026-08-27T00:42:57Z,IL,IL00070IE002700042,38.7849,-89.7023,86,Slight Chance Showers And Thunderstorms,17,6,False,False,True,True,True,0.2
2026-08-27T00:42:57Z,IL,IL00057IS026800022,40.5613,-88.0615,80,Partly Cloudy,12,10,False,False,False,False,True,0.2
2026-08-27T00:42:57Z,IL,IL00057IS033300046,41.3918,-87.7749,79,Isolated Rain Showers,19,10,False,False,True,False,True,0.2
2026-08-27T00:42:57Z,IL,IL00055IN014900028,40.3599,-89.1099,81,Mostly Clear,9,9,False,False,False,False,True,0.2
2026-08-27T00:42:57Z,IL,IL00057IN026800032,40.5505,-88.0605,80,Partly Cloudy,12,10,False,False,False,False,True,0.2
2026-08-27T00:42:57Z,IL,IL00057IN011400033,38.5963,-88.9638,87,Slight Chance Showers And Thunderstorms,22,3,False,False,True,True,True,0.2
2026-08-27T00:42:57Z,IL,IL00057IN007900034,38.0297,-88.9203,87,Mostly Clear,5,2,False,False,False,False,True,0.2
2026-08-27T00:42:57Z,IL,IL00074IW020800052,40.1298,-87.7441,78,Partly Cloudy,13,6,False,False,False,False,True,0.2
2026-08-27T00:42:57Z,IL,IL00080IE005100040,41.3938,-89.5665,76,Partly Cloudy,11,5,False,False,False,False,True,0.2
2026-08-27T00:42:57Z,IL,IL00057IS011400023,38.5965,-88.9677,87,Slight Chance Showers And Thunderstorms,22,3,False,False,True,True,True,0.2
2026-08-27T00:42:57Z,IL,IL00024IW003700010,37.1593,-88.6798,84,Mostly Clear,5,1,False,False,False,False,True,0.2
2026-08-27T00:42:57Z,IL,IL00070IE008600051,39.0651,-88.6745,88,Scattered Showers And Thunderstorms,30,5,False,False,True,True,True,0.2
2026-08-27T00:42:57Z,IL,IL00080IW005100013,41.3937,-89.5591,78,Partly Cloudy,13,10,False,False,False,False,True,0.2
2026-08-27T00:42:57Z,IL,IL00064IW013000053,38.2322,-87.9882,86,Mostly Clear,4,1,False,False,False,False,True,0.2
2026-08-27T00:42:57Z,IL,IL00055IS019400021,40.8371,-88.6833,80,Mostly Clear,12,10,False,False,False,False,True,0.2
2026-08-27T00:42:57Z,IL,IL00064IW002500011,38.5491,-89.7633,87,Slight Chance Showers And Thunderstorms,16,3,False,False,True,True,True,0.2
2026-08-27T00:42:57Z,IL,IL00080IE011700043,41.4314,-88.3454,78,Mostly Clear,11,10,False,False,False,False,True,0.2
2026-08-27T00:42:57Z,IL,IL00064IW008500012,38.2766,-88.8012,87,Mostly Clear,3,3,False,False,False,False,True,0.2
2026-08-27T00:42:57Z,IL,IL00055IS002700019,38.8723,-89.8511,85,Mostly Clear,14,7,False,False,False,False,True,0.2
2026-08-27T00:42:57Z,IL,IL00055IN002700029,38.8649,-89.8532,85,Mostly Clear,14,7,False,False,False,False,True,0.2
2026-08-27T00:42:57Z,IL,IL00039IN008500036,41.7236,-89.0062,78,Isolated Rain Showers,17,10,False,False,True,False,True,0.2
2026-08-27T00:42:57Z,IL,IL00064IE002500038,38.5481,-89.7731,84,Slight Chance Rain Showers,16,3,False,False,True,False,True,0.2
2026-08-27T00:42:57Z,IL,IL00064IE008500039,38.273,-88.8496,87,Mostly Clear,4,3,False,False,False,False,True,0.2
2026-08-27T00:42:57Z,IL,IL00055IN019400031,40.8234,-88.6875,80,Mostly Clear,11,10,False,False,False,False,True,0.2
2026-08-27T00:42:57Z,IL,IL00055IN010400050,39.8627,-89.5948,83,Mostly Clear,10,9,False,False,False,False,True,0.2
2026-08-27T00:42:57Z,IL,IL00070IW002700015,38.7884,-89.6889,86,Slight Chance Showers And Thunderstorms,17,6,False,False,True,True,True,0.2
2026-08-27T00:42:57Z,IL,IL00074IE015600037,40.2732,-88.6762,82,Mostly Clear,9,9,False,False,False,False,True,0.2
2026-08-27T00:42:57Z,IL,IL00074IE011400005,40.6125,-89.245,81,Mostly Clear,7,9,False,False,False,False,True,0.2
2026-08-27T00:42:57Z,IL,IL00074IW006200004,40.8802,-90.0895,79,Mostly Clear,0,6,False,False,False,False,True,0.2
2026-08-27T00:42:57Z,IL,IL00070IW008700045,39.0679,-88.6704,88,Scattered Showers And Thunderstorms,30,5,False,False,True,True,True,0.2
2026-08-27T00:42:57Z,IL,IL00057IS016500018,39.1993,-88.502,86,Scattered Showers And Thunderstorms,33,6,False,False,True,True,True,0.2
2026-08-27T00:42:57Z,IL,IL00074IW011400006,40.6111,-89.2323,81,Mostly Clear,7,9,False,False,False,False,True,0.2
2026-08-27T00:42:57Z,IL,IL00074IE006200001,40.8788,-90.0936,79,Mostly Clear,0,6,False,False,False,False,True,0.2
2026-08-27T00:42:57Z,IL,IL00070IW014900008,39.4228,-87.6617,77,Isolated Rain Showers,16,5,False,False,True,False,True,0.2
2026-08-27T00:42:57Z,IL,IL00057IN016500044,39.1898,-88.5031,87,Scattered Showers And Thunderstorms,33,6,False,False,True,True,True,0.2
2026-08-27T00:42:57Z,IL,IL00055IS010400024,39.8871,-89.5966,80,Mostly Clear,3,7,False,False,False,False,True,0.2
2026-08-27T00:42:57Z,IL,IL00057IS003200025,37.4699,-89.1329,87,Mostly Clear,13,2,False,False,False,False,True,0.2
2026-08-27T00:42:57Z,IL,IL00057IN003200035,37.4661,-89.1324,87,Mostly Clear,13,2,False,False,False,False,True,0.2
2026-08-27T00:42:57Z,IN,322,38.195,-87.8597,83,Mostly Clear,10,2,False,False,False,False,True,0.2
2026-08-27T00:42:57Z,IN,317,38.5852,-85.7768,83,Mostly Clear,6,2,False,False,False,False,True,0.2
2026-08-27T00:42:57Z,IN,316,38.5859,-85.7809,83,Mostly Clear,6,2,False,False,False,False,True,0.2
2026-08-27T00:42:57Z,IN,315,39.2602,-85.9521,78,Chance Showers And Thunderstorms,41,2,False,False,True,True,True,0.2
2026-08-27T00:42:57Z,IN,314,39.2767,-85.9569,77,Chance Showers And Thunderstorms,42,2,False,False,True,True,True,0.2
2026-08-27T00:42:57Z,IN,313,40.1578,-86.5387,74,Chance Showers And Thunderstorms,27,5,False,False,True,True,True,0.2
2026-08-27T00:42:57Z,IN,312,40.1722,-86.5522,74,Chance Showers And Thunderstorms,26,5,False,False,True,True,True,0.2
2026-08-27T00:42:57Z,IN,311,40.6992,-87.0628,75,Mostly Clear,11,5,False,False,False,False,True,0.2
2026-08-27T00:42:57Z,IN,310,40.6984,-87.0646,75,Mostly Clear,11,5,False,False,False,False,True,0.2
2026-08-27T00:42:57Z,IN,308,41.1653,-87.271,76,Isolated Rain Showers,17,5,False,False,True,False,True,0.2
2026-08-27T00:42:57Z,IN,309,41.1666,-87.2749,76,Isolated Rain Showers,17,5,False,False,True,False,True,0.2
2026-08-27T00:42:57Z,IN,318,40.3543,-85.5576,72,Chance Showers And Thunderstorms,45,5,False,False,True,True,True,0.2
2026-08-27T00:42:57Z,IN,319,40.3569,-85.56,72,Chance Showers And Thunderstorms,45,5,False,False,True,True,True,0.2
2026-08-27T00:42:57Z,IN,320,41.2963,-85.0863,71,Chance Showers And Thunderstorms,42,5,False,False,True,True,True,0.2
2026-08-27T00:42:57Z,IN,321,41.5803,-85.0597,71,Slight Chance Showers And Thunderstorms,19,5,False,False,True,True,True,0.2
2026-08-27T00:42:57Z,IN,300,39.4417,-87.5002,78,Slight Chance Showers And Thunderstorms,24,5,False,False,True,True,True,0.2
2026-08-27T00:42:57Z,IN,302,39.6517,-86.3967,76,Chance Showers And Thunderstorms,51,5,False,False,True,True,True,0.2
2026-08-27T00:42:57Z,IN,301,39.6541,-86.4005,76,Chance Showers And Thunderstorms,51,5,False,False,True,True,True,0.2
2026-08-27T00:42:57Z,IN,303,39.8243,-85.7039,76,Showers And Thunderstorms Likely,60,3,False,False,True,True,True,0.2
2026-08-27T00:42:57Z,IN,304,39.8266,-85.704,76,Showers And Thunderstorms Likely,60,3,False,False,True,True,True,0.2
2026-08-27T00:42:57Z,IN,305,39.8605,-85.0259,76,Slight Chance Showers And Thunderstorms,22,3,False,False,True,True,True,0.2
2026-08-27T00:42:57Z,IN,323,39.29,-85.1688,77,Slight Chance Showers And Thunderstorms,16,2,False,False,True,True,True,0.2
2026-08-27T00:42:57Z,IN,702,41.7472,-85.3285,71,Partly Cloudy,12,5,False,False,False,False,True,0.2
2026-08-27T00:42:57Z,IN,701,41.5889,-87.2173,77,Isolated Rain Showers,18,10,False,False,True,False,True,0.2
2026-08-27T00:42:57Z,IN,704,41.7058,-86.6212,74,Partly Cloudy,10,5,False,False,False,False,True,0.2
2026-08-27T00:42:57Z,IN,703,41.7071,-86.6235,74,Partly Cloudy,10,5,False,False,False,False,True,0.2
2026-08-27T00:42:57Z,IN,705,41.733,-86.0057,75,Mostly Clear,12,5,False,False,False,False,True,0.2
2026-08-27T00:42:57Z,IN,708,41.7472,-85.3285,71,Partly Cloudy,12,5,False,False,False,False,True,0.2
2026-08-27T00:42:57Z,IN,707,41.7453,-85.3287,71,Partly Cloudy,12,5,False,False,False,False,True,0.2
2026-08-27T00:42:57Z,IN,324,41.7353,-86.7933,75,Partly Cloudy,9,5,False,False,False,False,True,0.2
2026-08-27T00:42:57Z,KY,KY00065IS0000020N65WELCOM,36.6434,-86.5687,83,Partly Cloudy,3,0,False,False,False,False,False,0.0
2026-08-27T00:42:57Z,KY,KY00065IS000020NSMARATHON,36.6612,-86.5553,86,Partly Cloudy,4,2,False,False,False,False,False,0.0
2026-08-27T00:42:57Z,KY,KY00065IS0000340NWEIGHS34,36.6868,-86.5379,87,Mostly Clear,4,3,False,False,False,False,False,0.0
2026-08-27T00:42:57Z,KY,KY00065IS0011400S65SRA114,37.9464,-85.6905,82,Mostly Clear,4,3,False,False,False,False,False,0.0
2026-08-27T00:42:57Z,KY,KY00065IS0005900S65SRA059,37.239,-85.9297,85,Mostly Clear,1,1,False,False,False,False,False,0.0
2026-08-27T00:42:57Z,KY,KY00065IS0005900N65NRA059,37.2384,-85.9271,85,Mostly Clear,1,1,False,False,False,False,False,0.0
2026-08-27T00:42:57Z,KY,KY00075IS0003300NWEIGHS33,37.0422,-84.0968,81,Partly Cloudy,1,2,False,False,False,False,False,0.0
2026-08-27T00:42:57Z,KY,KY00075IS0003400SWEIGHS34,37.048,-84.0997,82,Partly Cloudy,1,2,False,False,False,False,False,0.0
2026-08-27T00:42:57Z,KY,KY00075IS0017700N75NRA177,38.937,-84.6309,79,Chance Showers And Thunderstorms,27,3,False,False,True,True,False,0.1
2026-08-27T00:42:57Z,KY,KY00075IS0007500SWALTONWS,38.8653,-84.6476,79,Chance Showers And Thunderstorms,26,2,False,False,True,True,False,0.1
2026-08-27T00:42:57Z,KY,KY00075IS0017700S75SRA177,38.9388,-84.6339,79,Chance Showers And Thunderstorms,27,3,False,False,True,True,False,0.1
2026-08-27T00:42:57Z,KY,KY00075IS0016800SCRITENWS,38.8196,-84.6015,82,Mostly Clear,1,3,False,False,False,False,False,0.0
2026-08-27T00:42:57Z,KY,KY00075IS0000100N75WELCOM,36.6162,-84.1054,83,Mostly Cloudy,2,1,False,False,False,False,False,0.0
2026-08-27T00:43:01Z,IL,IL00080IW011700016,41.4473,-88.3285,78,Mostly Clear,12,10,False,False,False,False,True,0.2
2026-08-27T00:43:01Z,IL,IL00055IS006400017,39.3523,-89.6447,84,Mostly Clear,14,7,False,False,False,False,True,0.2
2026-08-27T00:43:01Z,IL,IL00057IS022200054,39.9314,-88.3043,82,Partly Cloudy,13,9,False,False,False,False,True,0.2
2026-08-27T00:43:01Z,IL,IL00074IW002800020,41.2141,-90.3308,78,Partly Cloudy,2,10,False,False,False,False,True,0.2
2026-08-27T00:43:01Z,IL,IL00072IE015200041,39.9923,-88.7827,82,Mostly Clear,10,9,False,False,False,False,True,0.2
2026-08-27T00:43:01Z,IL,IL00072IW015200014,39.9888,-88.7852,82,Mostly Clear,10,9,False,False,False,False,True,0.2
2026-08-27T00:43:01Z,IL,IL00057IS007900047,38.0962,-88.9138,87,Clear,5,1,False,False,False,False,True,0.2
2026-08-27T00:43:01Z,IL,IL00055IN006400027,39.3465,-89.6408,84,Slight Chance Rain Showers,15,7,False,False,True,False,True,0.2
2026-08-27T00:43:01Z,IL,IL00074IW015600009,40.2711,-88.6701,82,Mostly Clear,9,9,False,False,False,False,True,0.2
2026-08-27T00:43:01Z,IL,IL00039IS008500026,41.7285,-89.0105,78,Isolated Rain Showers,17,10,False,False,True,False,True,0.2
2026-08-27T00:43:01Z,IL,IL00057IN022200048,39.9218,-88.299,82,Partly Cloudy,13,9,False,False,False,False,True,0.2
2026-08-27T00:43:01Z,IL,IL00074IE002800030,41.2334,-90.333,78,Partly Cloudy,2,10,False,False,False,False,True,0.2
2026-08-27T00:43:01Z,IL,IL00057IN033300049,41.3892,-87.7729,79,Isolated Rain Showers,19,10,False,False,True,False,True,0.2
2026-08-27T00:43:01Z,IL,IL00070IE002700042,38.7849,-89.7023,86,Slight Chance Showers And Thunderstorms,17,6,False,False,True,True,True,0.2
2026-08-27T00:43:01Z,IL,IL00057IS026800022,40.5613,-88.0615,80,Partly Cloudy,12,10,False,False,False,False,True,0.2
2026-08-27T00:43:01Z,IL,IL00057IS033300046,41.3918,-87.7749,79,Isolated Rain Showers,19,10,False,False,True,False,True,0.2
2026-08-27T00:43:01Z,IL,IL00055IN014900028,40.3599,-89.1099,81,Mostly Clear,9,9,False,False,False,False,True,0.2
2026-08-27T00:43:01Z,IL,IL00057IN026800032,40.5505,-88.0605,80,Partly Cloudy,12,10,False,False,False,False,True,0.2
2026-08-27T00:43:01Z,IL,IL00057IN011400033,38.5963,-88.9638,87,Slight Chance Showers And Thunderstorms,22,3,False,False,True,True,True,0.2
2026-08-27T00:43:01Z,IL,IL00057IN007900034,38.0297,-88.9203,84,Mostly Clear,13,2,False,False,False,False,True,0.2
2026-08-27T00:43:01Z,IL,IL00074IW020800052,40.1298,-87.7441,78,Partly Cloudy,13,6,False,False,False,False,True,0.2
2026-08-27T00:43:01Z,IL,IL00080IE005100040,41.3938,-89.5665,78,Partly Cloudy,12,10,False,False,False,False,True,0.2
2026-08-27T00:43:01Z,IL,IL00057IS011400023,38.5965,-88.9677,87,Slight Chance Showers And Thunderstorms,22,3,False,False,True,True,True,0.2
2026-08-27T00:43:01Z,IL,IL00024IW003700010,37.1593,-88.6798,84,Mostly Clear,5,1,False,False,False,False,True,0.2
2026-08-27T00:43:01Z,IL,IL00070IE008600051,39.0651,-88.6745,88,Scattered Showers And Thunderstorms,30,5,False,False,True,True,True,0.2
2026-08-27T00:43:01Z,IL,IL00080IW005100013,41.3937,-89.5591,78,Partly Cloudy,13,10,False,False,False,False,True,0.2
2026-08-27T00:43:01Z,IL,IL00064IW013000053,38.2322,-87.9882,86,Mostly Clear,4,1,False,False,False,False,True,0.2
2026-08-27T00:43:01Z,IL,IL00055IS019400021,40.8371,-88.6833,80,Mostly Clear,12,10,False,False,False,False,True,0.2
2026-08-27T00:43:01Z,IL,IL00064IW002500011,38.5491,-89.7633,87,Slight Chance Showers And Thunderstorms,16,3,False,False,True,True,True,0.2
2026-08-27T00:43:01Z,IL,IL00080IE011700043,41.4314,-88.3454,78,Mostly Clear,11,10,False,False,False,False,True,0.2
2026-08-27T00:43:01Z,IL,IL00064IW008500012,38.2766,-88.8012,87,Mostly Clear,3,3,False,False,False,False,True,0.2
2026-08-27T00:43:01Z,IL,IL00055IS002700019,38.8723,-89.8511,85,Mostly Clear,14,7,False,False,False,False,True,0.2
2026-08-27T00:43:01Z,IL,IL00055IN002700029,38.8649,-89.8532,85,Mostly Clear,14,7,False,False,False,False,True,0.2
2026-08-27T00:43:01Z,IL,IL00039IN008500036,41.7236,-89.0062,78,Isolated Rain Showers,17,10,False,False,True,False,True,0.2
2026-08-27T00:43:01Z,IL,IL00064IE002500038,38.5481,-89.7731,88,Slight Chance Showers And Thunderstorms,16,3,False,False,True,True,True,0.2
2026-08-27T00:43:01Z,IL,IL00064IE008500039,38.273,-88.8496,87,Mostly Clear,4,3,False,False,False,False,True,0.2
2026-08-27T00:43:01Z,IL,IL00055IN019400031,40.8234,-88.6875,80,Mostly Clear,11,10,False,False,False,False,True,0.2
2026-08-27T00:43:01Z,IL,IL00055IN010400050,39.8627,-89.5948,83,Mostly Clear,10,9,False,False,False,False,True,0.2
2026-08-27T00:43:01Z,IL,IL00070IW002700015,38.7884,-89.6889,86,Slight Chance Showers And Thunderstorms,17,6,False,False,True,True,True,0.2
2026-08-27T00:43:01Z,IL,IL00074IE015600037,40.2732,-88.6762,82,Mostly Clear,9,9,False,False,False,False,True,0.2
2026-08-27T00:43:01Z,IL,IL00074IE011400005,40.6125,-89.245,81,Mostly Clear,7,9,False,False,False,False,True,0.2
2026-08-27T00:43:01Z,IL,IL00074IW006200004,40.8802,-90.0895,79,Mostly Clear,0,6,False,False,False,False,True,0.2
2026-08-27T00:43:01Z,IL,IL00070IW008700045,39.0679,-88.6704,88,Scattered Showers And Thunderstorms,30,5,False,False,True,True,True,0.2
2026-08-27T00:43:01Z,IL,IL00057IS016500018,39.1993,-88.502,86,Scattered Showers And Thunderstorms,33,6,False,False,True,True,True,0.2
2026-08-27T00:43:01Z,IL,IL00074IW011400006,40.6111,-89.2323,81,Mostly Clear,7,9,False,False,False,False,True,0.2
2026-08-27T00:43:01Z,IL,IL00074IE006200001,40.8788,-90.0936,79,Mostly Clear,0,6,False,False,False,False,True,0.2
2026-08-27T00:43:01Z,IL,IL00070IW014900008,39.4228,-87.6617,77,Isolated Rain Showers,16,5,False,False,True,False,True,0.2
2026-08-27T00:43:01Z,IL,IL00057IN016500044,39.1898,-88.5031,87,Scattered Showers And Thunderstorms,33,6,False,False,True,True,True,0.2
2026-08-27T00:43:01Z,IL,IL00055IS010400024,39.8871,-89.5966,80,Mostly Clear,3,7,False,False,False,False,True,0.2
2026-08-27T00:43:01Z,IL,IL00057IS003200025,37.4699,-89.1329,87,Mostly Clear,13,2,False,False,False,False,True,0.2
2026-08-27T00:43:01Z,IL,IL00057IN003200035,37.4661,-89.1324,87,Mostly Clear,13,2,False,False,False,False,True,0.2
2026-08-27T00:43:01Z,IN,322,38.195,-87.8597,83,Mostly Clear,10,2,False,False,False,False,True,0.2
2026-08-27T00:43:01Z,IN,317,38.5852,-85.7768,83,Mostly Clear,6,2,False,False,False,False,True,0.2
2026-08-27T00:43:01Z,IN,316,38.5859,-85.7809,83,Mostly Clear,6,2,False,False,False,False,True,0.2
2026-08-27T00:43:01Z,IN,315,39.2602,-85.9521,78,Chance Showers And Thunderstorms,41,2,False,False,True,True,True,0.2
2026-08-27T00:43:01Z,IN,314,39.2767,-85.9569,77,Chance Showers And Thunderstorms,42,2,False,False,True,True,True,0.2
2026-08-27T00:43:01Z,IN,313,40.1578,-86.5387,74,Chance Showers And Thunderstorms,27,5,False,False,True,True,True,0.2
2026-08-27T00:43:01Z,IN,312,40.1722,-86.5522,74,Chance Showers And Thunderstorms,26,5,False,False,True,True,True,0.2
2026-08-27T00:43:01Z,IN,311,40.6992,-87.0628,75,Mostly Clear,11,5,False,False,False,False,True,0.2
2026-08-27T00:43:01Z,IN,310,40.6984,-87.0646,75,Mostly Clear,11,5,False,False,False,False,True,0.2
2026-08-27T00:43:01Z,IN,308,41.1653,-87.271,76,Isolated Rain Showers,17,5,False,False,True,False,True,0.2
2026-08-27T00:43:01Z,IN,309,41.1666,-87.2749,76,Isolated Rain Showers,17,5,False,False,True,False,True,0.2
2026-08-27T00:43:01Z,IN,318,40.3543,-85.5576,72,Chance Showers And Thunderstorms,45,5,False,False,True,True,True,0.2
2026-08-27T00:43:01Z,IN,319,40.3569,-85.56,72,Chance Showers And Thunderstorms,45,5,False,False,True,True,True,0.2
2026-08-27T00:43:01Z,IN,320,41.2963,-85.0863,71,Chance Showers And Thunderstorms,42,5,False,False,True,True,True,0.2
2026-08-27T00:43:01Z,IN,321,41.5803,-85.0597,71,Slight Chance Showers And Thunderstorms,19,5,False,False,True,True,True,0.2
2026-08-27T00:43:01Z,IN,300,39.4417,-87.5002,78,Slight Chance Showers And Thunderstorms,24,5,False,False,True,True,True,0.2
2026-08-27T00:43:01Z,IN,302,39.6517,-86.3967,76,Chance Showers And Thunderstorms,51,5,False,False,True,True,True,0.2
2026-08-27T00:43:01Z,IN,301,39.6541,-86.4005,76,Chance Showers And Thunderstorms,51,5,False,False,True,True,True,0.2
2026-08-27T00:43:01Z,IN,303,39.8243,-85.7039,76,Showers And Thunderstorms Likely,60,3,False,False,True,True,True,0.2
2026-08-27T00:43:01Z,IN,304,39.8266,-85.704,76,Showers And Thunderstorms Likely,60,3,False,False,True,True,True,0.2
2026-08-27T00:43:01Z,IN,305,39.8605,-85.0259,76,Slight Chance Showers And Thunderstorms,22,3,False,False,True,True,True,0.2
2026-08-27T00:43:01Z,IN,323,39.29,-85.1688,77,Slight Chance Showers And Thunderstorms,16,2,False,False,True,True,True,0.2
2026-08-27T00:43:01Z,IN,702,41.7472,-85.3285,71,Partly Cloudy,12,5,False,False,False,False,True,0.2
2026-08-27T00:43:01Z,IN,701,41.5889,-87.2173,77,Isolated Rain Showers,18,10,False,False,True,False,True,0.2
2026-08-27T00:43:01Z,IN,704,41.7058,-86.6212,74,Partly Cloudy,10,5,False,False,False,False,True,0.2
2026-08-27T00:43:01Z,IN,703,41.7071,-86.6235,74,Partly Cloudy,10,5,False,False,False,False,True,0.2
2026-08-27T00:43:01Z,IN,705,41.733,-86.0057,75,Mostly Clear,12,5,False,False,False,False,True,0.2
2026-08-27T00:43:01Z,IN,708,41.7472,-85.3285,71,Partly Cloudy,12,5,False,False,False,False,True,0.2
2026-08-27T00:43:01Z,IN,707,41.7453,-85.3287,71,Partly Cloudy,12,5,False,False,False,False,True,0.2
2026-08-27T00:43:01Z,IN,324,41.7353,-86.7933,75,Partly Cloudy,9,5,False,False,False,False,True,0.2
2026-08-27T00:43:01Z,KY,KY00065IS0000020N65WELCOM,36.6434,-86.5687,83,Partly Cloudy,3,0,False,False,False,False,False,0.0
2026-08-27T00:43:01Z,KY,KY00065IS000020NSMARATHON,36.6612,-86.5553,86,Partly Cloudy,4,2,False,False,False,False,False,0.0
2026-08-27T00:43:01Z,KY,KY00065IS0000340NWEIGHS34,36.6868,-86.5379,87,Mostly Clear,4,3,False,False,False,False,False,0.0
2026-08-27T00:43:01Z,KY,KY00065IS0011400S65SRA114,37.9464,-85.6905,82,Mostly Clear,4,3,False,False,False,False,False,0.0
2026-08-27T00:43:01Z,KY,KY00065IS0005900S65SRA059,37.239,-85.9297,85,Mostly Clear,1,1,False,False,False,False,False,0.0
2026-08-27T00:43:01Z,KY,KY00065IS0005900N65NRA059,37.2384,-85.9271,85,Mostly Clear,1,1,False,False,False,False,False,0.0
2026-08-27T00:43:01Z,KY,KY00075IS0003300NWEIGHS33,37.0422,-84.0968,81,Partly Cloudy,1,2,False,False,False,False,False,0.0
2026-08-27T00:43:01Z,KY,KY00075IS0003400SWEIGHS34,37.048,-84.0997,78,Mostly Clear,2,1,False,False,False,False,False,0.0
2026-08-27T00:43:01Z,KY,KY00075IS0017700N75NRA177,38.937,-84.6309,79,Chance Showers And Thunderstorms,27,3,False,False,True,True,False,0.1
2026-08-27T00:43:01Z,KY,KY00075IS0007500SWALTONWS,38.8653,-84.6476,79,Chance Showers And Thunderstorms,26,2,False,False,True,True,False,0.1
2026-08-27T00:43:01Z,KY,KY00075IS0017700S75SRA177,38.9388,-84.6339,79,Chance Showers And Thunderstorms,27,3,False,False,True,True,False,0.1
2026-08-27T00:43:01Z,KY,KY00075IS0016800SCRITENWS,38.8196,-84.6015,82,Mostly Clear,1,3,False,False,False,False,False,0.0
2026-08-27T00:43:01Z,KY,KY00075IS0000100N75WELCOM,36.6162,-84.1054,83,Mostly Cloudy,2,1,False,False,False,False,False,0.0
2026-08-27T00:43:05Z,IL,IL00080IW011700016,41.4473,-88.3285,78,Mostly Clear,12,10,False,False,False,False,True,0.2
2026-08-27T00:43:05Z,IL,IL00055IS006400017,39.3523,-89.6447,84,Mostly Clear,14,7,False,False,False,False,True,0.2
2026-08-27T00:43:05Z,IL,IL00057IS022200054,39.9314,-88.3043,82,Partly Cloudy,13,9,False,False,False,False,True,0.2
2026-08-27T00:43:05Z,IL,IL00074IW002800020,41.2141,-90.3308,78,Partly Cloudy,2,10,False,False,False,False,True,0.2
2026-08-27T00:43:05Z,IL,IL00072IE015200041,39.9923,-88.7827,82,Mostly Clear,10,9,False,False,False,False,True,0.2
2026-08-27T00:43:05Z,IL,IL00072IW015200014,39.9888,-88.7852,82,Mostly Clear,10,9,False,False,False,False,True,0.2
2026-08-27T00:43:05Z,IL,IL00057IS007900047,38.0962,-88.9138,87,Clear,5,1,False,False,False,False,True,0.2
2026-08-27T00:43:05Z,IL,IL00055IN006400027,39.3465,-89.6408,84,Slight Chance Rain Showers,15,7,False,False,True,False,True,0.2
2026-08-27T00:43:05Z,IL,IL00074IW015600009,40.2711,-88.6701,82,Mostly Clear,9,9,False,False,False,False,True,0.2
2026-08-27T00:43:05Z,IL,IL00039IS008500026,41.7285,-89.0105,78,Isolated Rain Showers,17,10,False,False,True,False,True,0.2
2026-08-27T00:43:05Z,IL,IL00057IN022200048,39.9218,-88.299,82,Partly Cloudy,13,9,False,False,False,False,True,0.2
2026-08-27T00:43:05Z,IL,IL00074IE002800030,41.2334,-90.333,78,Partly Cloudy,2,10,False,False,False,False,True,0.2
2026-08-27T00:43:05Z,IL,IL00057IN033300049,41.3892,-87.7729,79,Isolated Rain Showers,19,10,False,False,True,False,True,0.2
2026-08-27T00:43:05Z,IL,IL00070IE002700042,38.7849,-89.7023,86,Slight Chance Showers And Thunderstorms,17,6,False,False,True,True,True,0.2
2026-08-27T00:43:05Z,IL,IL00057IS026800022,40.5613,-88.0615,80,Partly Cloudy,12,10,False,False,False,False,True,0.2
2026-08-27T00:43:05Z,IL,IL00057IS033300046,41.3918,-87.7749,79,Isolated Rain Showers,19,10,False,False,True,False,True,0.2
2026-08-27T00:43:05Z,IL,IL00055IN014900028,40.3599,-89.1099,81,Mostly Clear,9,9,False,False,False,False,True,0.2
2026-08-27T00:43:05Z,IL,IL00057IN026800032,40.5505,-88.0605,80,Partly Cloudy,12,10,False,False,False,False,True,0.2
2026-08-27T00:43:05Z,IL,IL00057IN011400033,38.5963,-88.9638,87,Slight Chance Showers And Thunderstorms,22,3,False,False,True,True,True,0.2
2026-08-27T00:43:05Z,IL,IL00057IN007900034,38.0297,-88.9203,84,Mostly Clear,13,2,False,False,False,False,True,0.2
2026-08-27T00:43:05Z,IL,IL00074IW020800052,40.1298,-87.7441,78,Partly Cloudy,13,6,False,False,False,False,True,0.2
2026-08-27T00:43:05Z,IL,IL00080IE005100040,41.3938,-89.5665,78,Partly Cloudy,12,10,False,False,False,False,True,0.2
2026-08-27T00:43:05Z,IL,IL00057IS011400023,38.5965,-88.9677,87,Slight Chance Showers And Thunderstorms,22,3,False,False,True,True,True,0.2
2026-08-27T00:43:05Z,IL,IL00024IW003700010,37.1593,-88.6798,84,Mostly Clear,5,1,False,False,False,False,True,0.2
2026-08-27T00:43:05Z,IL,IL00070IE008600051,39.0651,-88.6745,88,Scattered Showers And Thunderstorms,30,5,False,False,True,True,True,0.2
2026-08-27T00:43:05Z,IL,IL00080IW005100013,41.3937,-89.5591,78,Partly Cloudy,13,10,False,False,False,False,True,0.2
2026-08-27T00:43:05Z,IL,IL00064IW013000053,38.2322,-87.9882,86,Mostly Clear,4,1,False,False,False,False,True,0.2
2026-08-27T00:43:05Z,IL,IL00055IS019400021,40.8371,-88.6833,80,Mostly Clear,12,10,False,False,False,False,True,0.2
2026-08-27T00:43:05Z,IL,IL00064IW002500011,38.5491,-89.7633,87,Slight Chance Showers And Thunderstorms,16,3,False,False,True,True,True,0.2
2026-08-27T00:43:05Z,IL,IL00080IE011700043,41.4314,-88.3454,78,Mostly Clear,11,10,False,False,False,False,True,0.2
2026-08-27T00:43:05Z,IL,IL00064IW008500012,38.2766,-88.8012,87,Mostly Clear,3,3,False,False,False,False,True,0.2
2026-08-27T00:43:05Z,IL,IL00055IS002700019,38.8723,-89.8511,85,Mostly Clear,14,7,False,False,False,False,True,0.2
2026-08-27T00:43:05Z,IL,IL00055IN002700029,38.8649,-89.8532,85,Mostly Clear,14,7,False,False,False,False,True,0.2
2026-08-27T00:43:05Z,IL,IL00039IN008500036,41.7236,-89.0062,78,Isolated Rain Showers,17,10,False,False,True,False,True,0.2
2026-08-27T00:43:05Z,IL,IL00064IE002500038,38.5481,-89.7731,88,Slight Chance Showers And Thunderstorms,16,3,False,False,True,True,True,0.2
2026-08-27T00:43:05Z,IL,IL00064IE008500039,38.273,-88.8496,87,Mostly Clear,4,3,False,False,False,False,True,0.2
2026-08-27T00:43:05Z,IL,IL00055IN019400031,40.8234,-88.6875,80,Mostly Clear,11,10,False,False,False,False,True,0.2
2026-08-27T00:43:05Z,IL,IL00055IN010400050,39.8627,-89.5948,81,Mostly Clear,4,7,False,False,False,False,True,0.2
2026-08-27T00:43:05Z,IL,IL00070IW002700015,38.7884,-89.6889,86,Slight Chance Showers And Thunderstorms,17,6,False,False,True,True,True,0.2
2026-08-27T00:43:05Z,IL,IL00074IE015600037,40.2732,-88.6762,82,Mostly Clear,9,9,False,False,False,False,True,0.2
2026-08-27T00:43:05Z,IL,IL00074IE011400005,40.6125,-89.245,81,Mostly Clear,7,9,False,False,False,False,True,0.2
2026-08-27T00:43:05Z,IL,IL00074IW006200004,40.8802,-90.0895,79,Mostly Clear,0,6,False,False,False,False,True,0.2
2026-08-27T00:43:05Z,IL,IL00070IW008700045,39.0679,-88.6704,88,Scattered Showers And Thunderstorms,30,5,False,False,True,True,True,0.2
2026-08-27T00:43:05Z,IL,IL00057IS016500018,39.1993,-88.502,86,Scattered Showers And Thunderstorms,33,6,False,False,True,True,True,0.2
2026-08-27T00:43:05Z,IL,IL00074IW011400006,40.6111,-89.2323,81,Mostly Clear,7,9,False,False,False,False,True,0.2
2026-08-27T00:43:05Z,IL,IL00074IE006200001,40.8788,-90.0936,79,Mostly Clear,0,6,False,False,False,False,True,0.2
2026-08-27T00:43:05Z,IL,IL00070IW014900008,39.4228,-87.6617,77,Isolated Rain Showers,16,5,False,False,True,False,True,0.2
2026-08-27T00:43:05Z,IL,IL00057IN016500044,39.1898,-88.5031,87,Scattered Showers And Thunderstorms,33,6,False,False,True,True,True,0.2
2026-08-27T00:43:05Z,IL,IL00055IS010400024,39.8871,-89.5966,80,Mostly Clear,3,7,False,False,False,False,True,0.2
2026-08-27T00:43:05Z,IL,IL00057IS003200025,37.4699,-89.1329,87,Mostly Clear,13,2,False,False,False,False,True,0.2
2026-08-27T00:43:05Z,IL,IL00057IN003200035,37.4661,-89.1324,87,Mostly Clear,13,2,False,False,False,False,True,0.2
2026-08-27T00:43:05Z,IN,322,38.195,-87.8597,83,Mostly Clear,10,2,False,False,False,False,True,0.2
2026-08-27T00:43:05Z,IN,317,38.5852,-85.7768,83,Mostly Clear,6,2,False,False,False,False,True,0.2
2026-08-27T00:43:05Z,IN,316,38.5859,-85.7809,83,Mostly Clear,6,2,False,False,False,False,True,0.2
2026-08-27T00:43:05Z,IN,315,39.2602,-85.9521,78,Chance Showers And Thunderstorms,41,2,False,False,True,True,True,0.2
2026-08-27T00:43:05Z,IN,314,39.2767,-85.9569,77,Chance Showers And Thunderstorms,42,2,False,False,True,True,True,0.2
2026-08-27T00:43:05Z,IN,313,40.1578,-86.5387,74,Chance Showers And Thunderstorms,27,5,False,False,True,True,True,0.2
2026-08-27T00:43:05Z,IN,312,40.1722,-86.5522,74,Chance Showers And Thunderstorms,26,5,False,False,True,True,True,0.2
2026-08-27T00:43:05Z,IN,311,40.6992,-87.0628,75,Mostly Clear,11,5,False,False,False,False,True,0.2
2026-08-27T00:43:05Z,IN,310,40.6984,-87.0646,75,Mostly Clear,11,5,False,False,False,False,True,0.2
2026-08-27T00:43:05Z,IN,308,41.1653,-87.271,76,Isolated Rain Showers,17,5,False,False,True,False,True,0.2
2026-08-27T00:43:05Z,IN,309,41.1666,-87.2749,76,Isolated Rain Showers,17,5,False,False,True,False,True,0.2
2026-08-27T00:43:05Z,IN,318,40.3543,-85.5576,72,Chance Showers And Thunderstorms,45,5,False,False,True,True,True,0.2
2026-08-27T00:43:05Z,IN,319,40.3569,-85.56,72,Chance Showers And Thunderstorms,45,5,False,False,True,True,True,0.2
2026-08-27T00:43:05Z,IN,320,41.2963,-85.0863,71,Chance Showers And Thunderstorms,42,5,False,False,True,True,True,0.2
2026-08-27T00:43:05Z,IN,321,41.5803,-85.0597,71,Slight Chance Showers And Thunderstorms,19,5,False,False,True,True,True,0.2
2026-08-27T00:43:05Z,IN,300,39.4417,-87.5002,78,Slight Chance Showers And Thunderstorms,24,5,False,False,True,True,True,0.2
2026-08-27T00:43:05Z,IN,302,39.6517,-86.3967,76,Chance Showers And Thunderstorms,51,5,False,False,True,True,True,0.2
2026-08-27T00:43:05Z,IN,301,39.6541,-86.4005,76,Chance Showers And Thunderstorms,51,5,False,False,True,True,True,0.2
2026-08-27T00:43:05Z,IN,303,39.8243,-85.7039,76,Showers And Thunderstorms Likely,60,3,False,False,True,True,True,0.2
2026-08-27T00:43:05Z,IN,304,39.8266,-85.704,76,Showers And Thunderstorms Likely,60,3,False,False,True,True,True,0.2
2026-08-27T00:43:05Z,IN,305,39.8605,-85.0259,76,Slight Chance Showers And Thunderstorms,22,3,False,False,True,True,True,0.2
2026-08-27T00:43:05Z,IN,323,39.29,-85.1688,77,Slight Chance Showers And Thunderstorms,16,2,False,False,True,True,True,0.2
2026-08-27T00:43:05Z,IN,702,41.7472,-85.3285,71,Partly Cloudy,12,5,False,False,False,False,True,0.2
2026-08-27T00:43:05Z,IN,701,41.5889,-87.2173,77,Isolated Rain Showers,18,10,False,False,True,False,True,0.2
2026-08-27T00:43:05Z,IN,704,41.7058,-86.6212,74,Partly Cloudy,10,5,False,False,False,False,True,0.2
2026-08-27T00:43:05Z,IN,703,41.7071,-86.6235,74,Partly Cloudy,10,5,False,False,False,False,True,0.2
2026-08-27T00:43:05Z,IN,705,41.733,-86.0057,75,Mostly Clear,12,5,False,False,False,False,True,0.2
2026-08-27T00:43:05Z,IN,708,41.7472,-85.3285,71,Partly Cloudy,12,5,False,False,False,False,True,0.2
2026-08-27T00:43:05Z,IN,707,41.7453,-85.3287,71,Partly Cloudy,12,5,False,False,False,False,True,0.2
2026-08-27T00:43:05Z,IN,324,41.7353,-86.7933,75,Partly Cloudy,9,5,False,False,False,False,True,0.2
2026-08-27T00:43:05Z,KY,KY00065IS0000020N65WELCOM,36.6434,-86.5687,83,Partly Cloudy,3,0,False,False,False,False,False,0.0
2026-08-27T00:43:05Z,KY,KY00065IS000020NSMARATHON,36.6612,-86.5553,86,Partly Cloudy,4,2,False,False,False,False,False,0.0
2026-08-27T00:43:05Z,KY,KY00065IS0000340NWEIGHS34,36.6868,-86.5379,87,Mostly Clear,4,3,False,False,False,False,False,0.0
2026-08-27T00:43:05Z,KY,KY00065IS0011400S65SRA114,37.9464,-85.6905,82,Mostly Clear,4,3,False,False,False,False,False,0.0
2026-08-27T00:43:05Z,KY,KY00065IS0005900S65SRA059,37.239,-85.9297,85,Mostly Clear,1,1,False,False,False,False,False,0.0
2026-08-27T00:43:05Z,KY,KY00065IS0005900N65NRA059,37.2384,-85.9271,85,Mostly Clear,1,1,False,False,False,False,False,0.0
2026-08-27T00:43:05Z,KY,KY00075IS0003300NWEIGHS33,37.0422,-84.0968,77,Partly Cloudy,2,1,False,False,False,False,False,0.0
2026-08-27T00:43:05Z,KY,KY00075IS0003400SWEIGHS34,37.048,-84.0997,82,Partly Cloudy,1,2,False,False,False,False,False,0.0
2026-08-27T00:43:05Z,KY,KY00075IS0017700N75NRA177,38.937,-84.6309,79,Chance Showers And Thunderstorms,27,3,False,False,True,True,False,0.1
2026-08-27T00:43:05Z,KY,KY00075IS0007500SWALTONWS,38.8653,-84.6476,79,Chance Showers And Thunderstorms,26,2,False,False,True,True,False,0.1
2026-08-27T00:43:05Z,KY,KY00075IS0017700S75SRA177,38.9388,-84.6339,79,Chance Showers And Thunderstorms,27,3,False,False,True,True,False,0.1
2026-08-27T00:43:05Z,KY,KY00075IS0016800SCRITENWS,38.8196,-84.6015,82,Mostly Clear,1,3,False,False,False,False,False,0.0
2026-08-27T00:43:05Z,KY,KY00075IS0000100N75WELCOM,36.6162,-84.1054,83,Mostly Cloudy,2,1,False,False,False,False,False,0.0
2026-08-27T00:43:10Z,IL,IL00080IW011700016,41.4473,-88.3285,78,Mostly Clear,12,10,False,False,False,False,False,0.0
2026-08-27T00:43:10Z,IL,IL00055IS006400017,39.3523,-89.6447,84,Mostly Clear,14,7,False,False,False,False,False,0.0
2026-08-27T00:43:10Z,IL,IL00057IS022200054,39.9314,-88.3043,82,Partly Cloudy,13,9,False,False,False,False,False,0.0
2026-08-27T00:43:10Z,IL,IL00074IW002800020,41.2141,-90.3308,78,Partly Cloudy,2,10,False,False,False,False,False,0.0
2026-08-27T00:43:10Z,IL,IL00072IE015200041,39.9923,-88.7827,82,Mostly Clear,10,9,False,False,False,False,False,0.0
2026-08-27T00:43:10Z,IL,IL00072IW015200014,39.9888,-88.7852,82,Mostly Clear,10,9,False,False,False,False,False,0.0
2026-08-27T00:43:10Z,IL,IL00057IS007900047,38.0962,-88.9138,87,Clear,5,1,False,False,False,False,False,0.0
2026-08-27T00:43:10Z,IL,IL00055IN006400027,39.3465,-89.6408,84,Slight Chance Rain Showers,15,7,False,False,True,False,False,0.05
2026-08-27T00:43:10Z,IL,IL00074IW015600009,40.2711,-88.6701,82,Mostly Clear,9,9,False,False,False,False,False,0.0
2026-08-27T00:43:10Z,IL,IL00039IS008500026,41.7285,-89.0105,78,Isolated Rain Showers,17,10,False,False,True,False,False,0.05
2026-08-27T00:43:10Z,IL,IL00057IN022200048,39.9218,-88.299,82,Partly Cloudy,13,9,False,False,False,False,False,0.0
2026-08-27T00:43:10Z,IL,IL00074IE002800030,41.2334,-90.333,78,Partly Cloudy,2,10,False,False,False,False,False,0.0
2026-08-27T00:43:10Z,IL,IL00057IN033300049,41.3892,-87.7729,79,Isolated Rain Showers,19,10,False,False,True,False,False,0.05
2026-08-27T00:43:10Z,IL,IL00070IE002700042,38.7849,-89.7023,86,Slight Chance Showers And Thunderstorms,17,6,False,False,True,True,False,0.1
2026-08-27T00:43:10Z,IL,IL00057IS026800022,40.5613,-88.0615,80,Partly Cloudy,12,10,False,False,False,False,False,0.0
2026-08-27T00:43:10Z,IL,IL00057IS033300046,41.3918,-87.7749,79,Isolated Rain Showers,19,10,False,False,True,False,False,0.05
2026-08-27T00:43:10Z,IL,IL00055IN014900028,40.3599,-89.1099,81,Mostly Clear,9,9,False,False,False,False,False,0.0
2026-08-27T00:43:10Z,IL,IL00057IN026800032,40.5505,-88.0605,80,Partly Cloudy,12,10,False,False,False,False,False,0.0
2026-08-27T00:43:10Z,IL,IL00057IN011400033,38.5963,-88.9638,87,Slight Chance Showers And Thunderstorms,22,3,False,False,True,True,False,0.1
2026-08-27T00:43:10Z,IL,IL00057IN007900034,38.0297,-88.9203,87,Mostly Clear,5,2,False,False,False,False,False,0.0
2026-08-27T00:43:10Z,IL,IL00074IW020800052,40.1298,-87.7441,78,Partly Cloudy,13,6,False,False,False,False,False,0.0
2026-08-27T00:43:10Z,IL,IL00080IE005100040,41.3938,-89.5665,78,Partly Cloudy,12,10,False,False,False,False,False,0.0
2026-08-27T00:43:10Z,IL,IL00057IS011400023,38.5965,-88.9677,87,Slight Chance Showers And Thunderstorms,22,3,False,False,True,True,False,0.1
2026-08-27T00:43:10Z,IL,IL00024IW003700010,37.1593,-88.6798,84,Mostly Clear,5,1,False,False,False,False,False,0.0
2026-08-27T00:43:10Z,IL,IL00070IE008600051,39.0651,-88.6745,88,Scattered Showers And Thunderstorms,30,5,False,False,True,True,False,0.1
2026-08-27T00:43:10Z,IL,IL00080IW005100013,41.3937,-89.5591,78,Partly Cloudy,13,10,False,False,False,False,False,0.0
2026-08-27T00:43:10Z,IL,IL00064IW013000053,38.2322,-87.9882,86,Mostly Clear,4,1,False,False,False,False,False,0.0
2026-08-27T00:43:10Z,IL,IL00055IS019400021,40.8371,-88.6833,80,Mostly Clear,12,10,False,False,False,False,False,0.0
2026-08-27T00:43:10Z,IL,IL00064IW002500011,38.5491,-89.7633,87,Slight Chance Showers And Thunderstorms,16,3,False,False,True,True,False,0.1
2026-08-27T00:43:10Z,IL,IL00080IE011700043,41.4314,-88.3454,78,Mostly Clear,11,10,False,False,False,False,False,0.0
2026-08-27T00:43:10Z,IL,IL00064IW008500012,38.2766,-88.8012,87,Mostly Clear,3,3,False,False,False,False,False,0.0
2026-08-27T00:43:10Z,IL,IL00055IS002700019,38.8723,-89.8511,85,Mostly Clear,14,7,False,False,False,False,False,0.0
2026-08-27T00:43:10Z,IL,IL00055IN002700029,38.8649,-89.8532,85,Mostly Clear,14,7,False,False,False,False,False,0.0
2026-08-27T00:43:10Z,IL,IL00039IN008500036,41.7236,-89.0062,78,Isolated Rain Showers,17,10,False,False,True,False,False,0.05
2026-08-27T00:43:10Z,IL,IL00064IE002500038,38.5481,-89.7731,84,Slight Chance Rain Showers,16,3,False,False,True,False,False,0.05
2026-08-27T00:43:10Z,IL,IL00064IE008500039,38.273,-88.8496,87,Mostly Clear,4,3,False,False,False,False,False,0.0
2026-08-27T00:43:10Z,IL,IL00055IN019400031,40.8234,-88.6875,80,Mostly Clear,11,10,False,False,False,False,False,0.0
2026-08-27T00:43:10Z,IL,IL00055IN010400050,39.8627,-89.5948,81,Mostly Clear,4,7,False,False,False,False,False,0.0
2026-08-27T00:43:10Z,IL,IL00070IW002700015,38.7884,-89.6889,86,Slight Chance Showers And Thunderstorms,17,6,False,False,True,True,False,0.1
2026-08-27T00:43:10Z,IL,IL00074IE015600037,40.2732,-88.6762,82,Mostly Clear,9,9,False,False,False,False,False,0.0
2026-08-27T00:43:10Z,IL,IL00074IE011400005,40.6125,-89.245,81,Mostly Clear,7,9,False,False,False,False,False,0.0
2026-08-27T00:43:10Z,IL,IL00074IW006200004,40.8802,-90.0895,79,Mostly Clear,0,6,False,False,False,False,False,0.0
2026-08-27T00:43:10Z,IL,IL00070IW008700045,39.0679,-88.6704,88,Scattered Showers And Thunderstorms,30,5,False,False,True,True,False,0.1
2026-08-27T00:43:10Z,IL,IL00057IS016500018,39.1993,-88.502,86,Scattered Showers And Thunderstorms,33,6,False,False,True,True,False,0.1
2026-08-27T00:43:10Z,IL,IL00074IW011400006,40.6111,-89.2323,81,Mostly Clear,7,9,False,False,False,False,False,0.0
2026-08-27T00:43:10Z,IL,IL00074IE006200001,40.8788,-90.0936,79,Mostly Clear,0,6,False,False,False,False,False,0.0
2026-08-27T00:43:10Z,IL,IL00070IW014900008,39.4228,-87.6617,77,Isolated Rain Showers,16,5,False,False,True,False,False,0.05
2026-08-27T00:43:10Z,IL,IL00057IN016500044,39.1898,-88.5031,87,Scattered Showers And Thunderstorms,33,6,False,False,True,True,False,0.1
2026-08-27T00:43:10Z,IL,IL00055IS010400024,39.8871,-89.5966,80,Mostly Clear,3,7,False,False,False,False,False,0.0
2026-08-27T00:43:10Z,IL,IL00057IS003200025,37.4699,-89.1329,87,Mostly Clear,13,2,False,False,False,False,False,0.0
2026-08-27T00:43:10Z,IL,IL00057IN003200035,37.4661,-89.1324,87,Mostly Clear,13,2,False,False,False,False,False,0.0
2026-08-27T00:43:10Z,IN,322,38.195,-87.8597,83,Mostly Clear,10,2,False,False,False,False,True,0.2
2026-08-27T00:43:10Z,IN,317,38.5852,-85.7768,83,Mostly Clear,6,2,False,False,False,False,True,0.2
2026-08-27T00:43:10Z,IN,316,38.5859,-85.7809,83,Mostly Clear,6,2,False,False,False,False,True,0.2
2026-08-27T00:43:10Z,IN,315,39.2602,-85.9521,78,Chance Showers And Thunderstorms,41,2,False,False,True,True,True,0.2
2026-08-27T00:43:10Z,IN,314,39.2767,-85.9569,77,Chance Showers And Thunderstorms,42,2,False,False,True,True,True,0.2
2026-08-27T00:43:10Z,IN,313,40.1578,-86.5387,74,Chance Showers And Thunderstorms,27,5,False,False,True,True,True,0.2
2026-08-27T00:43:10Z,IN,312,40.1722,-86.5522,74,Chance Showers And Thunderstorms,26,5,False,False,True,True,True,0.2
2026-08-27T00:43:10Z,IN,311,40.6992,-87.0628,75,Mostly Clear,11,5,False,False,False,False,True,0.2
2026-08-27T00:43:10Z,IN,310,40.6984,-87.0646,75,Mostly Clear,11,5,False,False,False,False,True,0.2
2026-08-27T00:43:10Z,IN,308,41.1653,-87.271,76,Isolated Rain Showers,17,5,False,False,True,False,True,0.2
2026-08-27T00:43:10Z,IN,309,41.1666,-87.2749,76,Isolated Rain Showers,17,5,False,False,True,False,True,0.2
2026-08-27T00:43:10Z,IN,318,40.3543,-85.5576,72,Chance Showers And Thunderstorms,45,5,False,False,True,True,True,0.2
2026-08-27T00:43:10Z,IN,319,40.3569,-85.56,72,Chance Showers And Thunderstorms,45,5,False,False,True,True,True,0.2
2026-08-27T00:43:10Z,IN,320,41.2963,-85.0863,71,Chance Showers And Thunderstorms,42,5,False,False,True,True,True,0.2
2026-08-27T00:43:10Z,IN,321,41.5803,-85.0597,71,Slight Chance Showers And Thunderstorms,19,5,False,False,True,True,True,0.2
2026-08-27T00:43:10Z,IN,300,39.4417,-87.5002,78,Slight Chance Showers And Thunderstorms,24,5,False,False,True,True,True,0.2
2026-08-27T00:43:10Z,IN,302,39.6517,-86.3967,76,Chance Showers And Thunderstorms,51,5,False,False,True,True,True,0.2
2026-08-27T00:43:10Z,IN,301,39.6541,-86.4005,76,Chance Showers And Thunderstorms,51,5,False,False,True,True,True,0.2
2026-08-27T00:43:10Z,IN,303,39.8243,-85.7039,76,Showers And Thunderstorms Likely,60,3,False,False,True,True,True,0.2
2026-08-27T00:43:10Z,IN,304,39.8266,-85.704,76,Showers And Thunderstorms Likely,60,3,False,False,True,True,True,0.2
2026-08-27T00:43:10Z,IN,305,39.8605,-85.0259,76,Slight Chance Showers And Thunderstorms,22,3,False,False,True,True,True,0.2
2026-08-27T00:43:10Z,IN,323,39.29,-85.1688,77,Slight Chance Showers And Thunderstorms,16,2,False,False,True,True,True,0.2
2026-08-27T00:43:10Z,IN,702,41.7472,-85.3285,71,Partly Cloudy,12,5,False,False,False,False,True,0.2
2026-08-27T00:43:10Z,IN,701,41.5889,-87.2173,77,Isolated Rain Showers,18,10,False,False,True,False,True,0.2
2026-08-27T00:43:10Z,IN,704,41.7058,-86.6212,74,Partly Cloudy,10,5,False,False,False,False,True,0.2
2026-08-27T00:43:10Z,IN,703,41.7071,-86.6235,74,Partly Cloudy,10,5,False,False,False,False,True,0.2
2026-08-27T00:43:10Z,IN,705,41.733,-86.0057,75,Mostly Clear,12,5,False,False,False,False,True,0.2
2026-08-27T00:43:10Z,IN,708,41.7472,-85.3285,71,Partly Cloudy,12,5,False,False,False,False,True,0.2
2026-08-27T00:43:10Z,IN,707,41.7453,-85.3287,71,Partly Cloudy,12,5,False,False,False,False,True,0.2
2026-08-27T00:43:10Z,IN,324,41.7353,-86.7933,75,Partly Cloudy,9,5,False,False,False,False,True,0.2
2026-08-27T00:43:10Z,KY,KY00065IS0000020N65WELCOM,36.6434,-86.5687,83,Partly Cloudy,3,0,False,False,False,False,False,0.0
2026-08-27T00:43:10Z,KY,KY00065IS000020NSMARATHON,36.6612,-86.5553,86,Partly Cloudy,4,2,False,False,False,False,False,0.0
2026-08-27T00:43:10Z,KY,KY00065IS0000340NWEIGHS34,36.6868,-86.5379,87,Mostly Clear,4,3,False,False,False,False,False,0.0
2026-08-27T00:43:10Z,KY,KY00065IS0011400S65SRA114,37.9464,-85.6905,82,Mostly Clear,4,3,False,False,False,False,False,0.0
2026-08-27T00:43:10Z,KY,KY00065IS0005900S65SRA059,37.239,-85.9297,85,Mostly Clear,1,1,False,False,False,False,False,0.0
2026-08-27T00:43:10Z,KY,KY00065IS0005900N65NRA059,37.2384,-85.9271,85,Mostly Clear,1,1,False,False,False,False,False,0.0
2026-08-27T00:43:10Z,KY,KY00075IS0003300NWEIGHS33,37.0422,-84.0968,77,Partly Cloudy,2,1,False,False,False,False,False,0.0
2026-08-27T00:43:10Z,KY,KY00075IS0003400SWEIGHS34,37.048,-84.0997,78,Mostly Clear,2,1,False,False,False,False,False,0.0
2026-08-27T00:43:10Z,KY,KY00075IS0017700N75NRA177,38.937,-84.6309,79,Chance Showers And Thunderstorms,27,3,False,False,True,True,False,0.1
2026-08-27T00:43:10Z,KY,KY00075IS0007500SWALTONWS,38.8653,-84.6476,79,Chance Showers And Thunderstorms,26,2,False,False,True,True,False,0.1
2026-08-27T00:43:10Z,KY,KY00075IS0017700S75SRA177,38.9388,-84.6339,79,Chance Showers And Thunderstorms,27,3,False,False,True,True,False,0.1
2026-08-27T00:43:10Z,KY,KY00075IS0016800SCRITENWS,38.8196,-84.6015,82,Mostly Clear,1,3,False,False,False,False,False,0.0
2026-08-27T00:43:10Z,KY,KY00075IS0000100N75WELCOM,36.6162,-84.1054,83,Mostly Cloudy,2,1,False,False,False,False,False,0.0
2026-08-27T00:43:14Z,IL,IL00080IW011700016,41.4473,-88.3285,78,Mostly Clear,12,10,False,False,False,False,True,0.2
2026-08-27T00:43:14Z,IL,IL00055IS006400017,39.3523,-89.6447,84,Mostly Clear,14,7,False,False,False,False,True,0.2
2026-08-27T00:43:14Z,IL,IL00057IS022200054,39.9314,-88.3043,82,Partly Cloudy,13,9,False,False,False,False,True,0.2
2026-08-27T00:43:14Z,IL,IL00074IW002800020,41.2141,-90.3308,78,Partly Cloudy,2,10,False,False,False,False,True,0.2
2026-08-27T00:43:14Z,IL,IL00072IE015200041,39.9923,-88.7827,82,Mostly Clear,10,9,False,False,False,False,True,0.2
2026-08-27T00:43:14Z,IL,IL00072IW015200014,39.9888,-88.7852,82,Mostly Clear,10,9,False,False,False,False,True,0.2
2026-08-27T00:43:14Z,IL,IL00057IS007900047,38.0962,-88.9138,87,Clear,5,1,False,False,False,False,True,0.2
2026-08-27T00:43:14Z,IL,IL00055IN006400027,39.3465,-89.6408,84,Slight Chance Rain Showers,15,7,False,False,True,False,True,0.2
2026-08-27T00:43:14Z,IL,IL00074IW015600009,40.2711,-88.6701,82,Mostly Clear,9,9,False,False,False,False,True,0.2
2026-08-27T00:43:14Z,IL,IL00039IS008500026,41.7285,-89.0105,78,Isolated Rain Showers,17,10,False,False,True,False,True,0.2
2026-08-27T00:43:14Z,IL,IL00057IN022200048,39.9218,-88.299,82,Partly Cloudy,13,9,False,False,False,False,True,0.2
2026-08-27T00:43:14Z,IL,IL00074IE002800030,41.2334,-90.333,78,Partly Cloudy,2,10,False,False,False,False,True,0.2
2026-08-27T00:43:14Z,IL,IL00057IN033300049,41.3892,-87.7729,79,Isolated Rain Showers,19,10,False,False,True,False,True,0.2
2026-08-27T00:43:14Z,IL,IL00070IE002700042,38.7849,-89.7023,86,Slight Chance Showers And Thunderstorms,17,6,False,False,True,True,True,0.2
2026-08-27T00:43:14Z,IL,IL00057IS026800022,40.5613,-88.0615,80,Partly Cloudy,12,10,False,False,False,False,True,0.2
2026-08-27T00:43:14Z,IL,IL00057IS033300046,41.3918,-87.7749,79,Isolated Rain Showers,19,10,False,False,True,False,True,0.2
2026-08-27T00:43:14Z,IL,IL00055IN014900028,40.3599,-89.1099,81,Mostly Clear,9,9,False,False,False,False,True,0.2
2026-08-27T00:43:14Z,IL,IL00057IN026800032,40.5505,-88.0605,80,Partly Cloudy,12,10,False,False,False,False,True,0.2
2026-08-27T00:43:14Z,IL,IL00057IN011400033,38.5963,-88.9638,87,Slight Chance Showers And Thunderstorms,22,3,False,False,True,True,True,0.2
2026-08-27T00:43:14Z,IL,IL00057IN007900034,38.0297,-88.9203,84,Mostly Clear,13,2,False,False,False,False,True,0.2
2026-08-27T00:43:14Z,IL,IL00074IW020800052,40.1298,-87.7441,78,Partly Cloudy,13,6,False,False,False,False,True,0.2
2026-08-27T00:43:14Z,IL,IL00080IE005100040,41.3938,-89.5665,78,Partly Cloudy,12,10,False,False,False,False,True,0.2
2026-08-27T00:43:14Z,IL,IL00057IS011400023,38.5965,-88.9677,87,Slight Chance Showers And Thunderstorms,22,3,False,False,True,True,True,0.2
2026-08-27T00:43:14Z,IL,IL00024IW003700010,37.1593,-88.6798,84,Mostly Clear,5,1,False,False,False,False,True,0.2
2026-08-27T00:43:14Z,IL,IL00070IE008600051,39.0651,-88.6745,88,Scattered Showers And Thunderstorms,30,5,False,False,True,True,True,0.2
2026-08-27T00:43:14Z,IL,IL00080IW005100013,41.3937,-89.5591,78,Partly Cloudy,13,10,False,False,False,False,True,0.2
2026-08-27T00:43:14Z,IL,IL00064IW013000053,38.2322,-87.9882,86,Mostly Clear,4,1,False,False,False,False,True,0.2
2026-08-27T00:43:14Z,IL,IL00055IS019400021,40.8371,-88.6833,80,Mostly Clear,12,10,False,False,False,False,True,0.2
2026-08-27T00:43:14Z,IL,IL00064IW002500011,38.5491,-89.7633,87,Slight Chance Showers And Thunderstorms,16,3,False,False,True,True,True,0.2
2026-08-27T00:43:14Z,IL,IL00080IE011700043,41.4314,-88.3454,81,Isolated Rain Showers,17,10,False,False,True,False,True,0.2
2026-08-27T00:43:14Z,IL,IL00064IW008500012,38.2766,-88.8012,87,Mostly Clear,3,3,False,False,False,False,True,0.2
2026-08-27T00:43:14Z,IL,IL00055IS002700019,38.8723,-89.8511,85,Mostly Clear,14,7,False,False,False,False,True,0.2
2026-08-27T00:43:14Z,IL,IL00055IN002700029,38.8649,-89.8532,85,Mostly Clear,14,7,False,False,False,False,True,0.2
2026-08-27T00:43:14Z,IL,IL00039IN008500036,41.7236,-89.0062,78,Isolated Rain Showers,17,10,False,False,True,False,True,0.2
2026-08-27T00:43:14Z,IL,IL00064IE002500038,38.5481,-89.7731,88,Slight Chance Showers And Thunderstorms,16,3,False,False,True,True,True,0.2
2026-08-27T00:43:14Z,IL,IL00064IE008500039,38.273,-88.8496,87,Mostly Clear,4,3,False,False,False,False,True,0.2
2026-08-27T00:43:14Z,IL,IL00055IN019400031,40.8234,-88.6875,80,Mostly Clear,11,10,False,False,False,False,True,0.2
2026-08-27T00:43:14Z,IL,IL00055IN010400050,39.8627,-89.5948,81,Mostly Clear,4,7,False,False,False,False,True,0.2
2026-08-27T00:43:14Z,IL,IL00070IW002700015,38.7884,-89.6889,86,Slight Chance Showers And Thunderstorms,17,6,False,False,True,True,True,0.2
2026-08-27T00:43:14Z,IL,IL00074IE015600037,40.2732,-88.6762,82,Mostly Clear,9,9,False,False,False,False,True,0.2
2026-08-27T00:43:14Z,IL,IL00074IE011400005,40.6125,-89.245,81,Mostly Clear,7,9,False,False,False,False,True,0.2
2026-08-27T00:43:14Z,IL,IL00074IW006200004,40.8802,-90.0895,79,Mostly Clear,0,6,False,False,False,False,True,0.2
2026-08-27T00:43:14Z,IL,IL00070IW008700045,39.0679,-88.6704,88,Scattered Showers And Thunderstorms,30,5,False,False,True,True,True,0.2
2026-08-27T00:43:14Z,IL,IL00057IS016500018,39.1993,-88.502,86,Scattered Showers And Thunderstorms,33,6,False,False,True,True,True,0.2
2026-08-27T00:43:14Z,IL,IL00074IW011400006,40.6111,-89.2323,81,Mostly Clear,7,9,False,False,False,False,True,0.2
2026-08-27T00:43:14Z,IL,IL00074IE006200001,40.8788,-90.0936,79,Mostly Clear,0,6,False,False,False,False,True,0.2
2026-08-27T00:43:14Z,IL,IL00070IW014900008,39.4228,-87.6617,77,Isolated Rain Showers,16,5,False,False,True,False,True,0.2
2026-08-27T00:43:14Z,IL,IL00057IN016500044,39.1898,-88.5031,87,Scattered Showers And Thunderstorms,33,6,False,False,True,True,True,0.2
2026-08-27T00:43:14Z,IL,IL00055IS010400024,39.8871,-89.5966,80,Mostly Clear,3,7,False,False,False,False,True,0.2
2026-08-27T00:43:14Z,IL,IL00057IS003200025,37.4699,-89.1329,87,Mostly Clear,13,2,False,False,False,False,True,0.2
2026-08-27T00:43:14Z,IL,IL00057IN003200035,37.4661,-89.1324,87,Mostly Clear,13,2,False,False,False,False,True,0.2
2026-08-27T00:43:14Z,IN,322,38.195,-87.8597,83,Mostly Clear,10,2,False,False,False,False,True,0.2
2026-08-27T00:43:14Z,IN,317,38.5852,-85.7768,83,Mostly Clear,6,2,False,False,False,False,True,0.2
2026-08-27T00:43:14Z,IN,316,38.5859,-85.7809,83,Mostly Clear,6,2,False,False,False,False,True,0.2
2026-08-27T00:43:14Z,IN,315,39.2602,-85.9521,78,Chance Showers And Thunderstorms,41,2,False,False,True,True,True,0.2
2026-08-27T00:43:14Z,IN,314,39.2767,-85.9569,77,Chance Showers And Thunderstorms,42,2,False,False,True,True,True,0.2
2026-08-27T00:43:14Z,IN,313,40.1578,-86.5387,74,Chance Showers And Thunderstorms,27,5,False,False,True,True,True,0.2
2026-08-27T00:43:14Z,IN,312,40.1722,-86.5522,74,Chance Showers And Thunderstorms,26,5,False,False,True,True,True,0.2
2026-08-27T00:43:14Z,IN,311,40.6992,-87.0628,75,Mostly Clear,11,5,False,False,False,False,True,0.2
2026-08-27T00:43:14Z,IN,310,40.6984,-87.0646,75,Mostly Clear,11,5,False,False,False,False,True,0.2
2026-08-27T00:43:14Z,IN,308,41.1653,-87.271,76,Isolated Rain Showers,17,5,False,False,True,False,True,0.2
2026-08-27T00:43:14Z,IN,309,41.1666,-87.2749,76,Isolated Rain Showers,17,5,False,False,True,False,True,0.2
2026-08-27T00:43:14Z,IN,318,40.3543,-85.5576,72,Chance Showers And Thunderstorms,45,5,False,False,True,True,True,0.2
2026-08-27T00:43:14Z,IN,319,40.3569,-85.56,72,Chance Showers And Thunderstorms,45,5,False,False,True,True,True,0.2
2026-08-27T00:43:14Z,IN,320,41.2963,-85.0863,71,Chance Showers And Thunderstorms,42,5,False,False,True,True,True,0.2
2026-08-27T00:43:14Z,IN,321,41.5803,-85.0597,71,Slight Chance Showers And Thunderstorms,19,5,False,False,True,True,True,0.2
2026-08-27T00:43:14Z,IN,300,39.4417,-87.5002,78,Slight Chance Showers And Thunderstorms,24,5,False,False,True,True,True,0.2
2026-08-27T00:43:14Z,IN,302,39.6517,-86.3967,76,Chance Showers And Thunderstorms,51,5,False,False,True,True,True,0.2
2026-08-27T00:43:14Z,IN,301,39.6541,-86.4005,76,Chance Showers And Thunderstorms,51,5,False,False,True,True,True,0.2
2026-08-27T00:43:14Z,IN,303,39.8243,-85.7039,76,Showers And Thunderstorms Likely,60,3,False,False,True,True,True,0.2
2026-08-27T00:43:14Z,IN,304,39.8266,-85.704,76,Showers And Thunderstorms Likely,60,3,False,False,True,True,True,0.2
2026-08-27T00:43:14Z,IN,305,39.8605,-85.0259,76,Slight Chance Showers And Thunderstorms,22,3,False,False,True,True,True,0.2
2026-08-27T00:43:14Z,IN,323,39.29,-85.1688,77,Slight Chance Showers And Thunderstorms,16,2,False,False,True,True,True,0.2
2026-08-27T00:43:14Z,IN,702,41.7472,-85.3285,71,Partly Cloudy,12,5,False,False,False,False,True,0.2
2026-08-27T00:43:14Z,IN,701,41.5889,-87.2173,77,Isolated Rain Showers,18,10,False,False,True,False,True,0.2
2026-08-27T00:43:14Z,IN,704,41.7058,-86.6212,74,Partly Cloudy,10,5,False,False,False,False,True,0.2
2026-08-27T00:43:14Z,IN,703,41.7071,-86.6235,74,Partly Cloudy,10,5,False,False,False,False,True,0.2
2026-08-27T00:43:14Z,IN,705,41.733,-86.0057,75,Mostly Clear,12,5,False,False,False,False,True,0.2
2026-08-27T00:43:14Z,IN,708,41.7472,-85.3285,71,Partly Cloudy,12,5,False,False,False,False,True,0.2
2026-08-27T00:43:14Z,IN,707,41.7453,-85.3287,71,Partly Cloudy,12,5,False,False,False,False,True,0.2
2026-08-27T00:43:14Z,IN,324,41.7353,-86.7933,75,Partly Cloudy,9,5,False,False,False,False,True,0.2
2026-08-27T00:43:14Z,KY,KY00065IS0000020N65WELCOM,36.6434,-86.5687,83,Partly Cloudy,3,0,False,False,False,False,False,0.0
2026-08-27T00:43:14Z,KY,KY00065IS000020NSMARATHON,36.6612,-86.5553,86,Partly Cloudy,4,2,False,False,False,False,False,0.0
2026-08-27T00:43:14Z,KY,KY00065IS0000340NWEIGHS34,36.6868,-86.5379,87,Mostly Clear,4,3,False,False,False,False,False,0.0
2026-08-27T00:43:14Z,KY,KY00065IS0011400S65SRA114,37.9464,-85.6905,82,Mostly Clear,4,3,False,False,False,False,False,0.0
2026-08-27T00:43:14Z,KY,KY00065IS0005900S65SRA059,37.239,-85.9297,85,Mostly Clear,1,1,False,False,False,False,False,0.0
2026-08-27T00:43:14Z,KY,KY00065IS0005900N65NRA059,37.2384,-85.9271,85,Mostly Clear,1,1,False,False,False,False,False,0.0
2026-08-27T00:43:14Z,KY,KY00075IS0003300NWEIGHS33,37.0422,-84.0968,81,Partly Cloudy,1,2,False,False,False,False,False,0.0
2026-08-27T00:43:14Z,KY,KY00075IS0003400SWEIGHS34,37.048,-84.0997,82,Partly Cloudy,1,2,False,False,False,False,False,0.0
2026-08-27T00:43:14Z,KY,KY00075IS0017700N75NRA177,38.937,-84.6309,79,Chance Showers And Thunderstorms,27,3,False,False,True,True,False,0.1
2026-08-27T00:43:14Z,KY,KY00075IS0007500SWALTONWS,38.8653,-84.6476,79,Chance Showers And Thunderstorms,26,2,False,False,True,True,False,0.1
2026-08-27T00:43:14Z,KY,KY00075IS0017700S75SRA177,38.9388,-84.6339,79,Chance Showers And Thunderstorms,27,3,False,False,True,True,False,0.1
2026-08-27T00:43:14Z,KY,KY00075IS0016800SCRITENWS,38.8196,-84.6015,82,Mostly Clear,1,3,False,False,False,False,False,0.0
2026-08-27T00:43:14Z,KY,KY00075IS0000100N75WELCOM,36.6162,-84.1054,83,Mostly Cloudy,2,1,False,False,False,False,False,0.0
