polled_at_utc,state,site_id,time_stamp,reported_available,capacity,trend,open,trust_data,low_threshold
2026-08-30T00:10:16Z,IL,IL00072IE015200041,2026-08-30T00:08:57Z,15,16,STEADY,True,True,
2026-08-30T00:10:16Z,IL,IL00057IN026800032,2026-08-30T00:09:45Z,Unknown,25,Unknown,True,False,
2026-08-30T00:10:16Z,IL,IL00057IN022200048,2026-08-30T00:09:45Z,Unknown,0,Unknown,True,False,
2026-08-30T00:10:16Z,IL,IL00055IN002700029,2026-08-30T00:09:45Z,Unknown,0,Unknown,True,False,
2026-08-30T00:10:16Z,IL,IL00074IE002800030,2026-08-30T00:09:45Z,Unknown,14,Unknown,True,False,
2026-08-30T00:10:16Z,IL,IL00064IW008500012,2026-08-30T00:09:45Z,Unknown,0,Unknown,True,False,
2026-08-30T00:10:16Z,IL,IL00080IW005100013,2026-08-30T00:09:45Z,Unknown,47,Unknown,True,False,
2026-08-30T00:10:16Z,IL,IL00055IS002700019,2026-08-30T00:09:45Z,Unknown,0,Unknown,True,False,
2026-08-30T00:10:16Z,IL,IL00057IN011400033,2026-08-30T00:09:45Z,Unknown,0,Unknown,True,False,
2026-08-30T00:10:16Z,IL,IL00064IE008500039,2026-08-30T00:09:45Z,Unknown,0,Unknown,True,False,
2026-08-30T00:10:16Z,IL,IL00055IS019400021,2026-08-30T00:09:45Z,Unknown,29,Unknown,True,False,
2026-08-30T00:10:16Z,IL,IL00070IE008600051,2026-08-30T00:09:45Z,0,0,Unknown,False,False,
2026-08-30T00:10:16Z,IL,IL00080IE011700043,2026-08-30T00:09:45Z,Unknown,31,Unknown,True,False,
2026-08-30T00:10:16Z,IL,IL00057IS026800022,2026-08-30T00:09:46Z,Unknown,27,Unknown,True,False,
2026-08-30T00:10:16Z,IL,IL00057IS011400023,2026-08-30T00:09:46Z,Unknown,0,Unknown,True,False,
2026-08-30T00:10:16Z,IL,IL00057IS033300046,2026-08-30T00:09:46Z,Unknown,0,Unknown,True,False,
2026-08-30T00:10:16Z,IL,IL00057IS007900047,2026-08-30T00:09:46Z,Unknown,0,Unknown,True,False,
2026-08-30T00:10:16Z,IL,IL00055IN014900028,2026-08-30T00:09:46Z,Unknown,0,Unknown,True,False,
2026-08-30T00:10:16Z,IL,IL00080IE005100040,2026-08-30T00:09:46Z,Unknown,39,Unknown,True,False,
2026-08-30T00:10:16Z,IL,IL00055IS006400017,2026-08-30T00:09:46Z,Unknown,0,Unknown,True,False,
2026-08-30T00:10:16Z,IL,IL00057IS022200054,2026-08-30T00:09:46Z,Unknown,0,Unknown,True,False,
2026-08-30T00:10:16Z,IL,IL00057IN007900034,2026-08-30T00:09:46Z,Unknown,0,Unknown,True,False,
2026-08-30T00:10:16Z,IL,IL00074IW015600009,2026-08-30T00:09:46Z,0,0,Unknown,False,False,
2026-08-30T00:10:16Z,IL,IL00064IW002500011,2026-08-30T00:09:46Z,Unknown,0,Unknown,True,False,
2026-08-30T00:10:16Z,IL,IL00039IN008500036,2026-08-30T00:09:46Z,Unknown,42,Unknown,True,False,
2026-08-30T00:10:16Z,IL,IL00024IW003700010,2026-08-30T00:09:46Z,Unknown,0,Unknown,True,False,
2026-08-30T00:10:16Z,IL,IL00039IS008500026,2026-08-30T00:09:46Z,Unknown,42,Unknown,True,False,
2026-08-30T00:10:16Z,IL,IL00055IN006400027,2026-08-30T00:09:46Z,Unknown,0,Unknown,True,False,
2026-08-30T00:10:16Z,IL,IL00057IN033300049,2026-08-30T00:09:46Z,Unknown,0,Unknown,True,False,
2026-08-30T00:10:16Z,IL,IL00064IE002500038,2026-08-30T00:09:46Z,Unknown,0,Unknown,True,False,
2026-08-30T00:10:16Z,IL,IL00074IW020800052,2026-08-30T00:09:46Z,Unknown,0,Unknown,True,False,
2026-08-30T00:10:16Z,IL,IL00072IW015200014,2026-08-30T00:09:46Z,Unknown,17,Unknown,True,False,
2026-08-30T00:10:16Z,IL,IL00064IW013000053,2026-08-30T00:09:47Z,0,0,Unknown,False,False,
2026-08-30T00:10:16Z,IL,IL00080IW011700016,2026-08-30T00:09:47Z,0,39,Unknown,False,False,
2026-08-30T00:10:16Z,IL,IL00074IW002800020,2026-08-30T00:09:47Z,Unknown,15,Unknown,True,False,
2026-08-30T00:10:16Z,IL,IL00070IE002700042,2026-08-30T00:09:47Z,Unknown,0,Unknown,True,False,
2026-08-30T00:10:16Z,IL,IL00055IN019400031,2026-08-30T00:09:47Z,Unknown,36,Unknown,True,False,
2026-08-30T00:10:16Z,IL,IL00055IN010400050,2026-08-30T00:09:47Z,0,0,Unknown,False,False,
2026-08-30T00:10:16Z,IL,IL00070IW002700015,2026-08-30T00:09:47Z,Unknown,0,Unknown,True,False,
2026-08-30T00:10:16Z,IL,IL00074IE015600037,2026-08-30T00:09:47Z,0,0,Unknown,False,False,
2026-08-30T00:10:16Z,IL,IL00074IE011400005,2026-08-30T00:10:00Z,Unknown,25,Unknown,True,False,
2026-08-30T00:10:16Z,IL,IL00074IW006200004,2026-08-30T00:10:01Z,8,12,STEADY,True,True,
2026-08-30T00:10:16Z,IL,IL00070IW008700045,2026-08-30T00:10:07Z,Unknown,15,Unknown,True,False,
2026-08-30T00:10:16Z,IL,IL00057IS016500018,2026-08-30T00:10:10Z,9,15,STEADY,True,True,
2026-08-30T00:10:16Z,IL,IL00074IW011400006,2026-08-30T00:10:12Z,14,18,CLEARING,True,True,
2026-08-30T00:10:16Z,IL,IL00074IE006200001,2026-08-30T00:10:13Z,12,13,STEADY,True,True,
2026-08-30T00:10:16Z,IL,IL00070IW014900008,2026-08-30T00:09:06Z,Unknown,39,Unknown,True,False,
2026-08-30T00:10:16Z,IL,IL00057IN016500044,2026-08-30T00:07:12Z,0,15,STEADY,False,False,
2026-08-30T00:10:16Z,IL,IL00055IS010400024,2026-08-30T00:07:11Z,Unknown,0,STEADY,,False,
2026-08-30T00:10:16Z,IL,IL00057IS003200025,2026-08-30T00:07:12Z,Unknown,0,STEADY,,False,
2026-08-30T00:10:16Z,IL,IL00057IN003200035,2026-08-30T00:07:12Z,Unknown,17,STEADY,,False,
2026-08-30T00:10:16Z,IN,322,2026-08-29T19:55:00-04:00,68,75,,True,false,
2026-08-30T00:10:16Z,IN,317,2026-08-29T19:55:00-04:00,42,58,,True,true,
2026-08-30T00:10:16Z,IN,316,2026-08-29T19:55:00-04:00,58,58,,True,false,
2026-08-30T00:10:16Z,IN,315,2026-08-29T19:55:00-04:00,Unknown,36,,False,true,
2026-08-30T00:10:16Z,IN,314,2026-08-29T19:55:00-04:00,Unknown,36,,False,true,
2026-08-30T00:10:16Z,IN,313,2026-08-29T19:55:00-04:00,29,75,,True,true,
2026-08-30T00:10:16Z,IN,312,2026-08-29T19:55:00-04:00,50,75,,True,true,
2026-08-30T00:10:16Z,IN,311,2026-08-29T19:55:00-04:00,Unknown,13,,False,true,
2026-08-30T00:10:16Z,IN,310,2026-08-29T19:55:00-04:00,Unknown,13,,False,true,
2026-08-30T00:10:16Z,IN,308,2026-08-29T19:55:00-04:00,48,75,,True,true,
2026-08-30T00:10:16Z,IN,309,2026-08-29T19:55:00-04:00,120,150,,True,true,
2026-08-30T00:10:16Z,IN,318,2026-08-29T19:55:00-04:00,28,78,,True,true,
2026-08-30T00:10:16Z,IN,319,2026-08-29T19:55:00-04:00,60,78,,True,true,
2026-08-30T00:10:16Z,IN,320,2026-08-29T19:55:00-04:00,68,83,,True,true,
2026-08-30T00:10:16Z,IN,321,2026-08-29T19:55:00-04:00,21,41,,True,false,
2026-08-30T00:10:16Z,IN,300,2026-08-29T19:55:00-04:00,111,128,,True,false,
2026-08-30T00:10:16Z,IN,302,2026-08-29T19:55:00-04:00,24,30,,True,true,
2026-08-30T00:10:16Z,IN,301,2026-08-29T19:55:00-04:00,17,30,,True,true,
2026-08-30T00:10:16Z,IN,303,2026-08-29T19:55:00-04:00,132,194,,True,true,
2026-08-30T00:10:16Z,IN,304,2026-08-29T19:55:00-04:00,70,99,,True,true,
2026-08-30T00:10:16Z,IN,305,2026-08-29T19:55:00-04:00,Unknown,156,,False,true,
2026-08-30T00:10:16Z,IN,323,2026-08-29T19:55:00-04:00,20,40,,True,true,
2026-08-30T00:10:16Z,IN,702,2026-08-29T19:55:00-04:00,38,75,,True,false,
2026-08-30T00:10:16Z,IN,701,2026-08-29T19:55:00-04:00,30,60,,True,false,
2026-08-30T00:10:16Z,IN,704,2026-08-29T19:55:00-04:00,40,80,,True,false,
2026-08-30T00:10:16Z,IN,703,2026-08-29T19:55:00-04:00,55,110,,True,false,
2026-08-30T00:10:16Z,IN,706,2026-08-29T19:55:00-04:00,35,70,,True,false,
2026-08-30T00:10:16Z,IN,705,2026-08-29T19:55:00-04:00,30,60,,True,false,
2026-08-30T00:10:16Z,IN,708,2026-08-29T19:55:00-04:00,23,45,,True,false,
2026-08-30T00:10:16Z,IN,707,2026-08-29T19:55:00-04:00,20,40,,True,false,
2026-08-30T00:10:16Z,IN,324,2026-08-29T19:55:00-04:00,16,31,,True,true,
2026-08-30T00:10:16Z,KY,KY00065IS0000020N65WELCOM,2026-08-30T00:09:02Z,LOW,21,STEADY,True,True,
2026-08-30T00:10:16Z,KY,KY00065IS000020NSMARATHON,2025-12-19T00:36:53Z,18,60,STEADY,True,False,
2026-08-30T00:10:16Z,KY,KY00065IS0000340NWEIGHS34,2026-07-01T19:04:41Z,39,40,STEADY,True,False,
2026-08-30T00:10:16Z,KY,KY00065IS0011400S65SRA114,2026-08-30T00:09:10Z,LOW,26,STEADY,True,True,
2026-08-30T00:10:16Z,KY,KY00065IS0005900S65SRA059,2026-08-30T00:09:08Z,82,109,STEADY,True,True,
2026-08-30T00:10:16Z,KY,KY00065IS0005900N65NRA059,2026-08-17T17:24:33Z,35,113,STEADY,True,False,
2026-08-30T00:10:16Z,KY,KY00075IS0003300NWEIGHS33,2026-08-30T00:09:16Z,49,50,STEADY,True,True,
2026-08-30T00:10:16Z,KY,KY00075IS0003400SWEIGHS34,2026-08-30T00:09:19Z,LOW,40,STEADY,True,True,
2026-08-30T00:10:16Z,KY,KY00075IS0017700N75NRA177,2026-07-13T10:37:14Z,LOW,53,CLEARING,True,False,
2026-08-30T00:10:16Z,KY,KY00075IS0007500SWALTONWS,2026-08-30T00:09:26Z,44,45,STEADY,True,True,
2026-08-30T00:10:16Z,KY,KY00075IS0017700S75SRA177,2026-08-30T00:09:18Z,57,67,CLEARING,True,True,
2026-08-30T00:10:16Z,KY,KY00075IS0016800SCRITENWS,2026-08-30T00:09:22Z,38,39,STEADY,True,True,
2026-08-30T00:10:16Z,KY,KY00075IS0000100N75WELCOM,2026-08-30T00:09:11Z,LOW,30,STEADY,True,False,
2026-08-30T00:25:16Z,IL,IL00055IS006400017,2026-08-30T00:25:08Z,Unknown,0,Unknown,True,False,
2026-08-30T00:25:16Z,IL,IL00055IS002700019,2026-08-30T00:25:08Z,Unknown,0,Unknown,True,False,
2026-08-30T00:25:16Z,IL,IL00055IN002700029,2026-08-30T00:25:08Z,Unknown,0,Unknown,True,False,
2026-08-30T00:25:16Z,IL,IL00074IE002800030,2026-08-30T00:25:08Z,Unknown,14,Unknown,True,False,
2026-08-30T00:25:16Z,IL,IL00074IW015600009,2026-08-30T00:25:08Z,0,0,Unknown,False,False,
2026-08-30T00:25:16Z,IL,IL00080IW005100013,2026-08-30T00:25:08Z,Unknown,47,Unknown,True,False,
2026-08-30T00:25:16Z,IL,IL00057IN007900034,2026-08-30T00:25:08Z,Unknown,0,Unknown,True,False,
2026-08-30T00:25:16Z,IL,IL00064IW002500011,2026-08-30T00:25:09Z,Unknown,0,Unknown,True,False,
2026-08-30T00:25:16Z,IL,IL00064IW008500012,2026-08-30T00:25:09Z,Unknown,0,Unknown,True,False,
2026-08-30T00:25:16Z,IL,IL00074IW020800052,2026-08-30T00:25:09Z,Unknown,0,Unknown,True,False,
2026-08-30T00:25:16Z,IL,IL00057IS022200054,2026-08-30T00:25:09Z,Unknown,0,Unknown,True,False,
2026-08-30T00:25:16Z,IL,IL00055IS019400021,2026-08-30T00:25:09Z,Unknown,29,Unknown,True,False,
2026-08-30T00:25:16Z,IL,IL00057IS026800022,2026-08-30T00:25:09Z,Unknown,27,Unknown,True,False,
2026-08-30T00:25:16Z,IL,IL00072IE015200041,2026-08-30T00:24:35Z,15,16,STEADY,True,True,
2026-08-30T00:25:16Z,IL,IL00070IE008600051,2026-08-30T00:25:09Z,0,0,Unknown,False,False,
2026-08-30T00:25:16Z,IL,IL00057IS011400023,2026-08-30T00:25:09Z,Unknown,0,Unknown,True,False,
2026-08-30T00:25:16Z,IL,IL00057IS033300046,2026-08-30T00:25:09Z,Unknown,0,Unknown,True,False,
2026-08-30T00:25:16Z,IL,IL00039IS008500026,2026-08-30T00:25:09Z,Unknown,42,Unknown,True,False,
2026-08-30T00:25:16Z,IL,IL00080IE005100040,2026-08-30T00:25:09Z,Unknown,39,Unknown,True,False,
2026-08-30T00:25:16Z,IL,IL00055IN014900028,2026-08-30T00:25:09Z,Unknown,0,Unknown,True,False,
2026-08-30T00:25:16Z,IL,IL00080IW011700016,2026-08-30T00:25:09Z,0,39,Unknown,False,False,
2026-08-30T00:25:16Z,IL,IL00074IW002800020,2026-08-30T00:25:09Z,Unknown,15,Unknown,True,False,
2026-08-30T00:25:16Z,IL,IL00057IS007900047,2026-08-30T00:25:09Z,Unknown,0,Unknown,True,False,
2026-08-30T00:25:16Z,IL,IL00057IN022200048,2026-08-30T00:25:09Z,Unknown,0,Unknown,True,False,
2026-08-30T00:25:16Z,IL,IL00057IN026800032,2026-08-30T00:25:10Z,Unknown,25,Unknown,True,False,
2026-08-30T00:25:16Z,IL,IL00057IN011400033,2026-08-30T00:25:10Z,Unknown,0,Unknown,True,False,
2026-08-30T00:25:16Z,IL,IL00057IN033300049,2026-08-30T00:25:10Z,Unknown,0,Unknown,True,False,
2026-08-30T00:25:16Z,IL,IL00039IN008500036,2026-08-30T00:25:10Z,Unknown,42,Unknown,True,False,
2026-08-30T00:25:16Z,IL,IL00064IE002500038,2026-08-30T00:25:10Z,Unknown,0,Unknown,True,False,
2026-08-30T00:25:16Z,IL,IL00064IE008500039,2026-08-30T00:25:10Z,Unknown,0,Unknown,True,False,
2026-08-30T00:25:16Z,IL,IL00080IE011700043,2026-08-30T00:25:10Z,Unknown,31,Unknown,True,False,
2026-08-30T00:25:16Z,IL,IL00024IW003700010,2026-08-30T00:25:10Z,Unknown,0,Unknown,True,False,
2026-08-30T00:25:16Z,IL,IL00055IN006400027,2026-08-30T00:25:10Z,Unknown,0,Unknown,True,False,
2026-08-30T00:25:16Z,IL,IL00072IW015200014,2026-08-30T00:25:10Z,Unknown,17,Unknown,True,False,
2026-08-30T00:25:16Z,IL,IL00064IW013000053,2026-08-30T00:25:10Z,0,0,Unknown,False,False,
2026-08-30T00:25:16Z,IL,IL00070IE002700042,2026-08-30T00:25:10Z,Unknown,0,Unknown,True,False,
2026-08-30T00:25:16Z,IL,IL00055IN019400031,2026-08-30T00:25:10Z,Unknown,36,Unknown,True,False,
2026-08-30T00:25:16Z,IL,IL00055IN010400050,2026-08-30T00:25:10Z,0,0,Unknown,False,False,
2026-08-30T00:25:16Z,IL,IL00070IW002700015,2026-08-30T00:25:10Z,Unknown,0,Unknown,True,False,
2026-08-30T00:25:16Z,IL,IL00074IE015600037,2026-08-30T00:25:10Z,0,0,Unknown,False,False,
2026-08-30T00:25:16Z,IL,IL00074IE011400005,2026-08-30T00:24:50Z,Unknown,25,Unknown,True,False,
2026-08-30T00:25:16Z,IL,IL00074IW006200004,2026-08-30T00:24:36Z,8,12,STEADY,True,True,
2026-08-30T00:25:16Z,IL,IL00070IW008700045,2026-08-30T00:24:56Z,Unknown,15,Unknown,True,False,
2026-08-30T00:25:16Z,IL,IL00057IS016500018,2026-08-30T00:24:29Z,5,15,FILLING,True,True,
2026-08-30T00:25:16Z,IL,IL00074IW011400006,2026-08-30T00:24:44Z,11,18,FILLING,True,True,
2026-08-30T00:25:16Z,IL,IL00074IE006200001,2026-08-30T00:24:45Z,11,13,FILLING,True,True,
2026-08-30T00:25:16Z,IL,IL00070IW014900008,2026-08-30T00:23:55Z,Unknown,39,Unknown,True,False,
2026-08-30T00:25:16Z,IL,IL00057IN016500044,2026-08-30T00:24:29Z,0,15,STEADY,False,False,
2026-08-30T00:25:16Z,IL,IL00055IS010400024,2026-08-30T00:24:29Z,Unknown,0,STEADY,,False,
2026-08-30T00:25:16Z,IL,IL00057IS003200025,2026-08-30T00:24:29Z,Unknown,0,STEADY,,False,
2026-08-30T00:25:16Z,IL,IL00057IN003200035,2026-08-30T00:24:30Z,Unknown,17,STEADY,,False,
2026-08-30T00:25:16Z,IN,322,2026-08-29T20:10:00-04:00,68,75,,True,false,
2026-08-30T00:25:16Z,IN,317,2026-08-29T20:10:00-04:00,30,58,,True,true,
2026-08-30T00:25:16Z,IN,316,2026-08-29T20:10:00-04:00,58,58,,True,false,
2026-08-30T00:25:16Z,IN,315,2026-08-29T20:10:00-04:00,Unknown,36,,False,true,
2026-08-30T00:25:16Z,IN,314,2026-08-29T20:10:00-04:00,Unknown,36,,False,true,
2026-08-30T00:25:16Z,IN,313,2026-08-29T20:10:00-04:00,17,75,,True,true,
2026-08-30T00:25:16Z,IN,312,2026-08-29T20:10:00-04:00,20,75,,True,true,
2026-08-30T00:25:16Z,IN,311,2026-08-29T20:10:00-04:00,Unknown,13,,False,true,
2026-08-30T00:25:16Z,IN,310,2026-08-29T20:10:00-04:00,Unknown,13,,False,true,
2026-08-30T00:25:16Z,IN,308,2026-08-29T20:10:00-04:00,52,75,,True,true,
2026-08-30T00:25:16Z,IN,309,2026-08-29T20:10:00-04:00,127,150,,True,true,
2026-08-30T00:25:16Z,IN,318,2026-08-29T20:10:00-04:00,29,78,,True,true,
2026-08-30T00:25:16Z,IN,319,2026-08-29T20:10:00-04:00,34,78,,True,true,
2026-08-30T00:25:16Z,IN,320,2026-08-29T20:10:00-04:00,62,83,,True,true,
2026-08-30T00:25:16Z,IN,321,2026-08-29T20:10:00-04:00,21,41,,True,false,
2026-08-30T00:25:16Z,IN,300,2026-08-29T20:10:00-04:00,106,128,,True,false,
2026-08-30T00:25:16Z,IN,302,2026-08-29T20:10:00-04:00,LOW,30,,True,true,
2026-08-30T00:25:16Z,IN,301,2026-08-29T20:10:00-04:00,LOW,30,,True,true,
2026-08-30T00:25:16Z,IN,303,2026-08-29T20:10:00-04:00,147,194,,True,true,
2026-08-30T00:25:16Z,IN,304,2026-08-29T20:10:00-04:00,39,99,,True,true,
2026-08-30T00:25:16Z,IN,305,2026-08-29T20:10:00-04:00,Unknown,156,,False,true,
2026-08-30T00:25:16Z,IN,323,2026-08-29T20:10:00-04:00,20,40,,True,true,
2026-08-30T00:25:16Z,IN,702,2026-08-29T20:10:00-04:00,38,75,,True,false,
2026-08-30T00:25:16Z,IN,701,2026-08-29T20:10:00-04:00,30,60,,True,false,
2026-08-30T00:25:16Z,IN,704,2026-08-29T20:10:00-04:00,40,80,,True,false,
2026-08-30T00:25:16Z,IN,703,2026-08-29T20:10:00-04:00,55,110,,True,false,
2026-08-30T00:25:16Z,IN,706,2026-08-29T20:10:00-04:00,35,70,,True,false,
2026-08-30T00:25:16Z,IN,705,2026-08-29T20:10:00-04:00,30,60,,True,false,
2026-08-30T00:25:16Z,IN,708,2026-08-29T20:10:00-04:00,23,45,,True,false,
2026-08-30T00:25:16Z,IN,707,2026-08-29T20:10:00-04:00,20,40,,True,false,
2026-08-30T00:25:16Z,IN,324,2026-08-29T20:10:00-04:00,16,31,,True,true,
2026-08-30T00:25:16Z,KY,KY00065IS0000020N65WELCOM,2026-08-30T00:24:02Z,LOW,21,STEADY,True,True,
2026-08-30T00:25:16Z,KY,KY00065IS000020NSMARATHON,2025-12-19T00:36:53Z,18,60,STEADY,True,False,
2026-08-30T00:25:16Z,KY,KY00065IS0000340NWEIGHS34,2026-07-01T19:04:41Z,39,40,STEADY,True,False,
2026-08-30T00:25:16Z,KY,KY00065IS0011400S65SRA114,2026-08-30T00:24:10Z,LOW,26,STEADY,True,True,
2026-08-30T00:25:16Z,KY,KY00065IS0005900S65SRA059,2026-08-30T00:24:08Z,78,109,FILLING,True,True,
2026-08-30T00:25:16Z,KY,KY00065IS0005900N65NRA059,2026-08-17T17:24:33Z,35,113,STEADY,True,False,
2026-08-30T00:25:16Z,KY,KY00075IS0003300NWEIGHS33,2026-08-30T00:24:16Z,46,50,FILLING,True,True,
2026-08-30T00:25:16Z,KY,KY00075IS0003400SWEIGHS34,2026-08-30T00:24:20Z,LOW,40,STEADY,True,True,
2026-08-30T00:25:16Z,KY,KY00075IS0017700N75NRA177,2026-07-13T10:37:14Z,LOW,53,CLEARING,True,False,
2026-08-30T00:25:16Z,KY,KY00075IS0007500SWALTONWS,2026-08-30T00:24:26Z,45,45,STEADY,True,True,
2026-08-30T00:25:16Z,KY,KY00075IS0017700S75SRA177,2026-08-30T00:24:18Z,53,67,STEADY,True,True,
2026-08-30T00:25:16Z,KY,KY00075IS0016800SCRITENWS,2026-08-30T00:24:22Z,39,39,STEADY,True,True,
2026-08-30T00:25:16Z,KY,KY00075IS0000100N75WELCOM,2026-08-30T00:24:10Z,LOW,30,STEADY,True,False,
2026-08-30T00:40:17Z,IL,IL00070IE008600051,2026-08-30T00:40:07Z,0,0,Unknown,False,False,
2026-08-30T00:40:17Z,IL,IL00055IN002700029,2026-08-30T00:40:07Z,Unknown,0,Unknown,True,False,
2026-08-30T00:40:17Z,IL,IL00055IS006400017,2026-08-30T00:40:07Z,Unknown,0,Unknown,True,False,
2026-08-30T00:40:17Z,IL,IL00064IE008500039,2026-08-30T00:40:11Z,Unknown,0,Unknown,True,False,
2026-08-30T00:40:17Z,IL,IL00057IS022200054,2026-08-30T00:40:07Z,Unknown,0,Unknown,True,False,
2026-08-30T00:40:17Z,IL,IL00055IS002700019,2026-08-30T00:40:07Z,Unknown,0,Unknown,True,False,
2026-08-30T00:40:17Z,IL,IL00074IW002800020,2026-08-30T00:40:07Z,Unknown,15,Unknown,True,False,
2026-08-30T00:40:17Z,IL,IL00057IS026800022,2026-08-30T00:40:07Z,Unknown,27,Unknown,True,False,
2026-08-30T00:40:17Z,IL,IL00057IN007900034,2026-08-30T00:40:07Z,Unknown,0,Unknown,True,False,
2026-08-30T00:40:17Z,IL,IL00057IN033300049,2026-08-30T00:40:07Z,Unknown,0,Unknown,True,False,
2026-08-30T00:40:17Z,IL,IL00080IW011700016,2026-08-30T00:40:07Z,0,39,Unknown,False,False,
2026-08-30T00:40:17Z,IL,IL00080IE005100040,2026-08-30T00:40:07Z,Unknown,39,Unknown,True,False,
2026-08-30T00:40:17Z,IL,IL00057IS007900047,2026-08-30T00:40:07Z,Unknown,0,Unknown,True,False,
2026-08-30T00:40:17Z,IL,IL00055IN006400027,2026-08-30T00:40:07Z,Unknown,0,Unknown,True,False,
2026-08-30T00:40:17Z,IL,IL00064IW002500011,2026-08-30T00:40:07Z,Unknown,0,Unknown,True,False,
2026-08-30T00:40:17Z,IL,IL00057IS033300046,2026-08-30T00:40:07Z,Unknown,0,Unknown,True,False,
2026-08-30T00:40:17Z,IL,IL00064IE002500038,2026-08-30T00:40:07Z,Unknown,0,Unknown,True,False,
2026-08-30T00:40:17Z,IL,IL00024IW003700010,2026-08-30T00:40:07Z,Unknown,0,Unknown,True,False,
2026-08-30T00:40:17Z,IL,IL00080IW005100013,2026-08-30T00:40:07Z,Unknown,47,Unknown,True,False,
2026-08-30T00:40:17Z,IL,IL00057IN022200048,2026-08-30T00:40:08Z,Unknown,0,Unknown,True,False,
2026-08-30T00:40:17Z,IL,IL00074IE002800030,2026-08-30T00:40:08Z,Unknown,14,Unknown,True,False,
2026-08-30T00:40:17Z,IL,IL00080IE011700043,2026-08-30T00:40:08Z,Unknown,31,Unknown,True,False,
2026-08-30T00:40:17Z,IL,IL00057IN026800032,2026-08-30T00:40:08Z,Unknown,25,Unknown,True,False,
2026-08-30T00:40:17Z,IL,IL00057IN011400033,2026-08-30T00:40:07Z,Unknown,0,Unknown,True,False,
2026-08-30T00:40:17Z,IL,IL00055IN014900028,2026-08-30T00:40:08Z,Unknown,0,Unknown,True,False,
2026-08-30T00:40:17Z,IL,IL00072IE015200041,2026-08-30T00:40:11Z,14,16,FILLING,True,True,
2026-08-30T00:40:17Z,IL,IL00074IW015600009,2026-08-30T00:40:11Z,0,0,Unknown,False,False,
2026-08-30T00:40:17Z,IL,IL00064IW008500012,2026-08-30T00:40:11Z,Unknown,0,Unknown,True,False,
2026-08-30T00:40:17Z,IL,IL00055IS019400021,2026-08-30T00:40:11Z,Unknown,29,Unknown,True,False,
2026-08-30T00:40:17Z,IL,IL00039IN008500036,2026-08-30T00:40:11Z,Unknown,42,Unknown,True,False,
2026-08-30T00:40:17Z,IL,IL00074IW020800052,2026-08-30T00:40:11Z,Unknown,0,Unknown,True,False,
2026-08-30T00:40:17Z,IL,IL00057IS011400023,2026-08-30T00:40:11Z,Unknown,0,Unknown,True,False,
2026-08-30T00:40:17Z,IL,IL00039IS008500026,2026-08-30T00:40:11Z,Unknown,42,Unknown,True,False,
2026-08-30T00:40:17Z,IL,IL00064IW013000053,2026-08-30T00:40:11Z,0,0,Unknown,False,False,
2026-08-30T00:40:17Z,IL,IL00072IW015200014,2026-08-30T00:40:11Z,Unknown,17,Unknown,True,False,
2026-08-30T00:40:17Z,IL,IL00070IE002700042,2026-08-30T00:40:12Z,Unknown,0,Unknown,True,False,
2026-08-30T00:40:17Z,IL,IL00055IN019400031,2026-08-30T00:40:12Z,Unknown,36,Unknown,True,False,
2026-08-30T00:40:17Z,IL,IL00055IN010400050,2026-08-30T00:40:12Z,0,0,Unknown,False,False,
2026-08-30T00:40:17Z,IL,IL00070IW002700015,2026-08-30T00:40:12Z,Unknown,0,Unknown,True,False,
2026-08-30T00:40:17Z,IL,IL00074IE015600037,2026-08-30T00:40:12Z,0,0,Unknown,False,False,
2026-08-30T00:40:17Z,IL,IL00074IE011400005,2026-08-30T00:39:50Z,Unknown,25,Unknown,True,False,
2026-08-30T00:40:17Z,IL,IL00074IW006200004,2026-08-30T00:39:27Z,9,12,CLEARING,True,True,
2026-08-30T00:40:17Z,IL,IL00070IW008700045,2026-08-30T00:39:56Z,Unknown,15,Unknown,True,False,
2026-08-30T00:40:17Z,IL,IL00057IS016500018,2026-08-30T00:36:01Z,2,15,FILLING,True,True,
2026-08-30T00:40:17Z,IL,IL00074IW011400006,2026-08-30T00:39:12Z,11,18,STEADY,True,True,
2026-08-30T00:40:17Z,IL,IL00074IE006200001,2026-08-30T00:39:13Z,11,13,STEADY,True,True,
2026-08-30T00:40:17Z,IL,IL00070IW014900008,2026-08-30T00:39:15Z,Unknown,39,Unknown,True,False,
2026-08-30T00:40:17Z,IL,IL00057IN016500044,2026-08-30T00:37:29Z,0,15,CLEARING,False,False,
2026-08-30T00:40:17Z,IL,IL00055IS010400024,2026-08-30T00:35:43Z,Unknown,0,STEADY,,False,
2026-08-30T00:40:17Z,IL,IL00057IS003200025,2026-08-30T00:35:43Z,Unknown,0,STEADY,,False,
2026-08-30T00:40:17Z,IL,IL00057IN003200035,2026-08-30T00:35:43Z,Unknown,17,STEADY,,False,
2026-08-30T00:40:17Z,IN,322,2026-08-29T20:25:00-04:00,67,75,,True,false,
2026-08-30T00:40:17Z,IN,317,2026-08-29T20:25:00-04:00,31,58,,True,true,
2026-08-30T00:40:17Z,IN,316,2026-08-29T20:25:00-04:00,58,58,,True,false,
2026-08-30T00:40:17Z,IN,315,2026-08-29T20:25:00-04:00,Unknown,36,,False,true,
2026-08-30T00:40:17Z,IN,314,2026-08-29T20:25:00-04:00,Unknown,36,,False,true,
2026-08-30T00:40:17Z,IN,313,2026-08-29T20:25:00-04:00,14,75,,True,true,
2026-08-30T00:40:17Z,IN,312,2026-08-29T20:25:00-04:00,21,75,,True,true,
2026-08-30T00:40:17Z,IN,311,2026-08-29T20:25:00-04:00,Unknown,13,,False,true,
2026-08-30T00:40:17Z,IN,310,2026-08-29T20:25:00-04:00,Unknown,13,,False,true,
2026-08-30T00:40:17Z,IN,308,2026-08-29T20:25:00-04:00,53,75,,True,true,
2026-08-30T00:40:17Z,IN,309,2026-08-29T20:25:00-04:00,126,150,,True,true,
2026-08-30T00:40:17Z,IN,318,2026-08-29T20:25:00-04:00,32,78,,True,true,
2026-08-30T00:40:17Z,IN,319,2026-08-29T20:25:00-04:00,32,78,,True,true,
2026-08-30T00:40:17Z,IN,320,2026-08-29T20:25:00-04:00,60,83,,True,true,
2026-08-30T00:40:17Z,IN,321,2026-08-29T20:25:00-04:00,21,41,,True,false,
2026-08-30T00:40:17Z,IN,300,2026-08-29T20:25:00-04:00,99,128,,True,false,
2026-08-30T00:40:17Z,IN,302,2026-08-29T20:25:00-04:00,LOW,30,,True,true,
2026-08-30T00:40:17Z,IN,301,2026-08-29T20:25:00-04:00,5,30,,True,true,
2026-08-30T00:40:17Z,IN,303,2026-08-29T20:25:00-04:00,142,194,,True,true,
2026-08-30T00:40:17Z,IN,304,2026-08-29T20:25:00-04:00,39,99,,True,true,
2026-08-30T00:40:17Z,IN,305,2026-08-29T20:25:00-04:00,Unknown,156,,False,true,
2026-08-30T00:40:17Z,IN,323,2026-08-29T20:25:00-04:00,20,40,,True,true,
2026-08-30T00:40:17Z,IN,702,2026-08-29T20:25:00-04:00,38,75,,True,false,
2026-08-30T00:40:17Z,IN,701,2026-08-29T20:25:00-04:00,30,60,,True,false,
2026-08-30T00:40:17Z,IN,704,2026-08-29T20:25:00-04:00,40,80,,True,false,
2026-08-30T00:40:17Z,IN,703,2026-08-29T20:25:00-04:00,55,110,,True,false,
2026-08-30T00:40:17Z,IN,706,2026-08-29T20:25:00-04:00,35,70,,True,false,
2026-08-30T00:40:17Z,IN,705,2026-08-29T20:25:00-04:00,30,60,,True,false,
2026-08-30T00:40:17Z,IN,708,2026-08-29T20:25:00-04:00,23,45,,True,false,
2026-08-30T00:40:17Z,IN,707,2026-08-29T20:25:00-04:00,20,40,,True,false,
2026-08-30T00:40:17Z,IN,324,2026-08-29T20:25:00-04:00,16,31,,True,true,
2026-08-30T00:40:17Z,KY,KY00065IS0000020N65WELCOM,2026-08-30T00:39:02Z,LOW,21,STEADY,True,True,
2026-08-30T00:40:17Z,KY,KY00065IS000020NSMARATHON,2025-12-19T00:36:53Z,18,60,STEADY,True,False,
2026-08-30T00:40:17Z,KY,KY00065IS0000340NWEIGHS34,2026-07-01T19:04:41Z,39,40,STEADY,True,False,
2026-08-30T00:40:17Z,KY,KY00065IS0011400S65SRA114,2026-08-30T00:39:10Z,LOW,26,STEADY,True,True,
2026-08-30T00:40:17Z,KY,KY00065IS0005900S65SRA059,2026-08-30T00:39:08Z,81,109,STEADY,True,True,
2026-08-30T00:40:17Z,KY,KY00065IS0005900N65NRA059,2026-08-17T17:24:33Z,35,113,STEADY,True,False,
2026-08-30T00:40:17Z,KY,KY00075IS0003300NWEIGHS33,2026-08-30T00:39:15Z,45,50,FILLING,True,True,
2026-08-30T00:40:17Z,KY,KY00075IS0003400SWEIGHS34,2026-08-30T00:39:20Z,LOW,40,STEADY,True,True,
2026-08-30T00:40:17Z,KY,KY00075IS0017700N75NRA177,2026-07-13T10:37:14Z,LOW,53,CLEARING,True,False,
2026-08-30T00:40:17Z,KY,KY00075IS0007500SWALTONWS,2026-08-30T00:39:26Z,44,45,STEADY,True,True,
2026-08-30T00:40:17Z,KY,KY00075IS0017700S75SRA177,2026-08-30T00:39:18Z,47,67,FILLING,True,True,
2026-08-30T00:40:17Z,KY,KY00075IS0016800SCRITENWS,2026-08-30T00:39:22Z,39,39,STEADY,True,True,
2026-08-30T00:40:17Z,KY,KY00075IS0000100N75WELCOM,2026-08-30T00:39:11Z,LOW,30,STEADY,True,False,
2026-08-30T00:55:16Z,IL,IL00064IW002500011,2026-08-30T00:55:14Z,Unknown,0,Unknown,True,False,
2026-08-30T00:55:16Z,IL,IL00074IW020800052,2026-08-30T00:55:14Z,Unknown,0,Unknown,True,False,
2026-08-30T00:55:16Z,IL,IL00055IS002700019,2026-08-30T00:55:14Z,Unknown,0,Unknown,True,False,
2026-08-30T00:55:16Z,IL,IL00074IW002800020,2026-08-30T00:55:14Z,Unknown,15,Unknown,True,False,
2026-08-30T00:55:16Z,IL,IL00057IS026800022,2026-08-30T00:55:14Z,Unknown,27,Unknown,True,False,
2026-08-30T00:55:16Z,IL,IL00057IS011400023,2026-08-30T00:55:14Z,Unknown,0,Unknown,True,False,
2026-08-30T00:55:16Z,IL,IL00057IN022200048,2026-08-30T00:55:14Z,Unknown,0,Unknown,True,False,
2026-08-30T00:55:16Z,IL,IL00055IN014900028,2026-08-30T00:55:14Z,Unknown,0,Unknown,True,False,
2026-08-30T00:55:16Z,IL,IL00064IW013000053,2026-08-30T00:55:14Z,0,0,Unknown,False,False,
2026-08-30T00:55:16Z,IL,IL00057IN026800032,2026-08-30T00:55:14Z,Unknown,25,Unknown,True,False,
2026-08-30T00:55:16Z,IL,IL00064IW008500012,2026-08-30T00:55:14Z,Unknown,0,Unknown,True,False,
2026-08-30T00:55:16Z,IL,IL00055IS006400017,2026-08-30T00:55:15Z,Unknown,0,Unknown,True,False,
2026-08-30T00:55:16Z,IL,IL00057IS007900047,2026-08-30T00:55:15Z,Unknown,0,Unknown,True,False,
2026-08-30T00:55:16Z,IL,IL00064IE002500038,2026-08-30T00:55:15Z,Unknown,0,Unknown,True,False,
2026-08-30T00:55:16Z,IL,IL00080IW011700016,2026-08-30T00:55:15Z,0,39,Unknown,False,False,
2026-08-30T00:55:16Z,IL,IL00057IN007900034,2026-08-30T00:55:15Z,Unknown,0,Unknown,True,False,
2026-08-30T00:55:16Z,IL,IL00057IS022200054,2026-08-30T00:55:15Z,Unknown,0,Unknown,True,False,
2026-08-30T00:55:16Z,IL,IL00055IS019400021,2026-08-30T00:55:15Z,Unknown,29,Unknown,True,False,
2026-08-30T00:55:16Z,IL,IL00057IS033300046,2026-08-30T00:55:15Z,Unknown,0,Unknown,True,False,
2026-08-30T00:55:16Z,IL,IL00039IS008500026,2026-08-30T00:55:15Z,Unknown,42,Unknown,True,False,
2026-08-30T00:55:16Z,IL,IL00055IN006400027,2026-08-30T00:55:15Z,Unknown,0,Unknown,True,False,
2026-08-30T00:55:16Z,IL,IL00055IN002700029,2026-08-30T00:55:15Z,Unknown,0,Unknown,True,False,
2026-08-30T00:55:16Z,IL,IL00057IN011400033,2026-08-30T00:55:15Z,Unknown,0,Unknown,True,False,
2026-08-30T00:55:16Z,IL,IL00057IN033300049,2026-08-30T00:55:15Z,Unknown,0,Unknown,True,False,
2026-08-30T00:55:16Z,IL,IL00064IE008500039,2026-08-30T00:55:15Z,Unknown,0,Unknown,True,False,
2026-08-30T00:55:16Z,IL,IL00039IN008500036,2026-08-30T00:55:15Z,Unknown,42,Unknown,True,False,
2026-08-30T00:55:16Z,IL,IL00074IW015600009,2026-08-30T00:55:15Z,0,0,Unknown,False,False,
2026-08-30T00:55:16Z,IL,IL00024IW003700010,2026-08-30T00:55:15Z,Unknown,0,Unknown,True,False,
2026-08-30T00:55:16Z,IL,IL00074IE002800030,2026-08-30T00:55:15Z,Unknown,14,Unknown,True,False,
2026-08-30T00:55:16Z,IL,IL00070IE008600051,2026-08-30T00:55:15Z,0,0,Unknown,False,False,
2026-08-30T00:55:16Z,IL,IL00080IE011700043,2026-08-30T00:55:15Z,Unknown,31,Unknown,True,False,
2026-08-30T00:55:16Z,IL,IL00072IW015200014,2026-08-30T00:55:16Z,Unknown,17,Unknown,True,False,
2026-08-30T00:55:16Z,IL,IL00080IW005100013,2026-08-30T00:55:16Z,Unknown,47,Unknown,True,False,
2026-08-30T00:55:16Z,IL,IL00080IE005100040,2026-08-30T00:55:16Z,Unknown,39,Unknown,True,False,
2026-08-30T00:55:16Z,IL,IL00072IE015200041,2026-08-30T00:52:49Z,15,16,CLEARING,True,True,
2026-08-30T00:55:16Z,IL,IL00070IE002700042,2026-08-30T00:55:16Z,Unknown,0,Unknown,True,False,
2026-08-30T00:55:16Z,IL,IL00055IN019400031,2026-08-30T00:55:16Z,Unknown,36,Unknown,True,False,
2026-08-30T00:55:16Z,IL,IL00055IN010400050,2026-08-30T00:55:16Z,0,0,Unknown,False,False,
2026-08-30T00:55:16Z,IL,IL00070IW002700015,2026-08-30T00:55:16Z,Unknown,0,Unknown,True,False,
2026-08-30T00:55:16Z,IL,IL00074IE015600037,2026-08-30T00:55:16Z,0,0,Unknown,False,False,
2026-08-30T00:55:16Z,IL,IL00074IE011400005,2026-08-30T00:54:57Z,Unknown,25,Unknown,True,False,
2026-08-30T00:55:16Z,IL,IL00074IW006200004,2026-08-30T00:54:20Z,7,12,FILLING,True,True,
2026-08-30T00:55:16Z,IL,IL00070IW008700045,2026-08-30T00:55:03Z,Unknown,15,Unknown,True,False,
2026-08-30T00:55:16Z,IL,IL00057IS016500018,2026-08-30T00:52:48Z,3,15,CLEARING,True,True,
2026-08-30T00:55:16Z,IL,IL00074IW011400006,2026-08-30T00:54:28Z,10,18,FILLING,True,True,
2026-08-30T00:55:16Z,IL,IL00074IE006200001,2026-08-30T00:54:29Z,11,13,STEADY,True,True,
2026-08-30T00:55:16Z,IL,IL00070IW014900008,2026-08-30T00:54:28Z,Unknown,39,Unknown,True,False,
2026-08-30T00:55:16Z,IL,IL00057IN016500044,2026-08-30T00:52:49Z,0,15,FILLING,False,False,
2026-08-30T00:55:16Z,IL,IL00055IS010400024,2026-08-30T00:52:48Z,Unknown,0,STEADY,,False,
2026-08-30T00:55:16Z,IL,IL00057IS003200025,2026-08-30T00:52:49Z,Unknown,0,STEADY,,False,
2026-08-30T00:55:16Z,IL,IL00057IN003200035,2026-08-30T00:52:49Z,Unknown,17,STEADY,,False,
2026-08-30T00:55:16Z,IN,322,2026-08-29T20:40:00-04:00,67,75,,True,false,
2026-08-30T00:55:16Z,IN,317,2026-08-29T20:40:00-04:00,32,58,,True,true,
2026-08-30T00:55:16Z,IN,316,2026-08-29T20:40:00-04:00,56,58,,True,false,
2026-08-30T00:55:16Z,IN,315,2026-08-29T20:40:00-04:00,Unknown,36,,False,true,
2026-08-30T00:55:16Z,IN,314,2026-08-29T20:40:00-04:00,Unknown,36,,False,true,
2026-08-30T00:55:16Z,IN,313,2026-08-29T20:40:00-04:00,14,75,,True,true,
2026-08-30T00:55:16Z,IN,312,2026-08-29T20:40:00-04:00,15,75,,True,true,
2026-08-30T00:55:16Z,IN,311,2026-08-29T20:40:00-04:00,Unknown,13,,False,true,
2026-08-30T00:55:16Z,IN,310,2026-08-29T20:40:00-04:00,Unknown,13,,False,true,
2026-08-30T00:55:16Z,IN,308,2026-08-29T20:40:00-04:00,52,75,,True,true,
2026-08-30T00:55:16Z,IN,309,2026-08-29T20:40:00-04:00,126,150,,True,true,
2026-08-30T00:55:16Z,IN,318,2026-08-29T20:40:00-04:00,32,78,,True,true,
2026-08-30T00:55:16Z,IN,319,2026-08-29T20:40:00-04:00,32,78,,True,true,
2026-08-30T00:55:16Z,IN,320,2026-08-29T20:40:00-04:00,59,83,,True,true,
2026-08-30T00:55:16Z,IN,321,2026-08-29T20:40:00-04:00,21,41,,True,false,
2026-08-30T00:55:16Z,IN,300,2026-08-29T20:40:00-04:00,99,128,,True,false,
2026-08-30T00:55:16Z,IN,302,2026-08-29T20:40:00-04:00,5,30,,True,true,
2026-08-30T00:55:16Z,IN,301,2026-08-29T20:40:00-04:00,LOW,30,,True,true,
2026-08-30T00:55:16Z,IN,303,2026-08-29T20:40:00-04:00,133,194,,True,true,
2026-08-30T00:55:16Z,IN,304,2026-08-29T20:40:00-04:00,39,99,,True,true,
2026-08-30T00:55:16Z,IN,305,2026-08-29T20:40:00-04:00,Unknown,156,,False,true,
2026-08-30T00:55:16Z,IN,323,2026-08-29T20:40:00-04:00,20,40,,True,true,
2026-08-30T00:55:16Z,IN,702,2026-08-29T20:40:00-04:00,38,75,,True,false,
2026-08-30T00:55:16Z,IN,701,2026-08-29T20:40:00-04:00,30,60,,True,false,
2026-08-30T00:55:16Z,IN,704,2026-08-29T20:40:00-04:00,40,80,,True,false,
2026-08-30T00:55:16Z,IN,703,2026-08-29T20:40:00-04:00,55,110,,True,false,
2026-08-30T00:55:16Z,IN,706,2026-08-29T20:40:00-04:00,35,70,,True,false,
2026-08-30T00:55:16Z,IN,705,2026-08-29T20:40:00-04:00,30,60,,True,false,
2026-08-30T00:55:16Z,IN,708,2026-08-29T20:40:00-04:00,23,45,,True,false,
2026-08-30T00:55:16Z,IN,707,2026-08-29T20:40:00-04:00,20,40,,True,false,
2026-08-30T00:55:16Z,IN,324,2026-08-29T20:40:00-04:00,16,31,,True,true,
2026-08-30T00:55:16Z,KY,KY00065IS0000020N65WELCOM,2026-08-30T00:54:02Z,LOW,21,STEADY,True,True,
2026-08-30T00:55:16Z,KY,KY00065IS000020NSMARATHON,2025-12-19T00:36:53Z,18,60,STEADY,True,False,
2026-08-30T00:55:16Z,KY,KY00065IS0000340NWEIGHS34,2026-07-01T19:04:41Z,39,40,STEADY,True,False,
2026-08-30T00:55:16Z,KY,KY00065IS0011400S65SRA114,2026-08-30T00:54:10Z,LOW,26,STEADY,True,True,
2026-08-30T00:55:16Z,KY,KY00065IS0005900S65SRA059,2026-08-30T00:54:08Z,85,109,CLEARING,True,True,
2026-08-30T00:55:16Z,KY,KY00065IS0005900N65NRA059,2026-08-17T17:24:33Z,35,113,STEADY,True,False,
2026-08-30T00:55:16Z,KY,KY00075IS0003300NWEIGHS33,2026-08-30T00:54:15Z,43,50,FILLING,True,True,
2026-08-30T00:55:16Z,KY,KY00075IS0003400SWEIGHS34,2026-08-30T00:54:20Z,LOW,40,STEADY,True,True,
2026-08-30T00:55:16Z,KY,KY00075IS0017700N75NRA177,2026-07-13T10:37:14Z,LOW,53,CLEARING,True,False,
2026-08-30T00:55:16Z,KY,KY00075IS0007500SWALTONWS,2026-08-30T00:54:26Z,42,45,FILLING,True,True,
2026-08-30T00:55:16Z,KY,KY00075IS0017700S75SRA177,2026-08-30T00:54:18Z,46,67,FILLING,True,True,
2026-08-30T00:55:16Z,KY,KY00075IS0016800SCRITENWS,2026-08-30T00:54:22Z,39,39,STEADY,True,True,
2026-08-30T00:55:16Z,KY,KY00075IS0000100N75WELCOM,2026-08-30T00:54:10Z,LOW,30,STEADY,True,False,
